<?xml version='1.0' encoding='UTF-8'?>
<osm version="0.6" generator="openmapping clip-osm.py" copyright="OpenStreetMap and contributors" attribution="http://www.openstreetmap.org/copyright" license="http://opendatacommons.org/licenses/odbl/1-0/">
 <bounds minlat="44.8367000" minlon="-0.5801000" maxlat="44.8413000" maxlon="-0.5688000" />
 <node id="35250808" lat="44.8376823" lon="-0.5717913" />
 <node id="35250813" lat="44.8371660" lon="-0.5786766" />
 <node id="35251134" lat="44.8379756" lon="-0.5764625" />
 <node id="35258391" lat="44.8391471" lon="-0.5706437" />
 <node id="35258392" lat="44.8391086" lon="-0.5712149" />
 <node id="35258394" lat="44.8389730" lon="-0.5732260" />
 <node id="35258395" lat="44.8387573" lon="-0.5757493" />
 <node id="35258397" lat="44.8386972" lon="-0.5764207" />
 <node id="35258403" lat="44.8384588" lon="-0.5789929" />
 <node id="35258405" lat="44.8384178" lon="-0.5794881" />
 <node id="35258412" lat="44.8409782" lon="-0.5761336" />
 <node id="35258424" lat="44.8369458" lon="-0.5740077" />
 <node id="35258426" lat="44.8368558" lon="-0.5744623" />
 <node id="35258427" lat="44.8369485" lon="-0.5736950" />
 <node id="35258429" lat="44.8369390" lon="-0.5727041" />
 <node id="35258436" lat="44.8378059" lon="-0.5755956" />
 <node id="35258437" lat="44.8379312" lon="-0.5748402" />
 <node id="35258439" lat="44.8379280" lon="-0.5738538" />
 <node id="35258441" lat="44.8379566" lon="-0.5730850" />
 <node id="35258442" lat="44.8379570" lon="-0.5728922" />
 <node id="35258444" lat="44.8379588" lon="-0.5718238" />
 <node id="35258446" lat="44.8379592" lon="-0.5711720" />
 <node id="35258447" lat="44.8381352" lon="-0.5707946" />
 <node id="35258452" lat="44.8389216" lon="-0.5706356" />
 <node id="35258454" lat="44.8383892" lon="-0.5718839" />
 <node id="35258456" lat="44.8397377" lon="-0.5720126" />
 <node id="35258457" lat="44.8400864" lon="-0.5720157" />
 <node id="35258463" lat="44.8409800" lon="-0.5713394" />
 <node id="35258470" lat="44.8394015" lon="-0.5705975" />
 <node id="35258473" lat="44.8400127" lon="-0.5741976" />
 <node id="35258475" lat="44.8400399" lon="-0.5733884" />
 <node id="35258477" lat="44.8399640" lon="-0.5730349" />
 <node id="35258478" lat="44.8396167" lon="-0.5712519" />
 <node id="35258480" lat="44.8394600" lon="-0.5731739" />
 <node id="35258482" lat="44.8387270" lon="-0.5719311" />
 <node id="35258483" lat="44.8387316" lon="-0.5713385" />
 <node id="35258485" lat="44.8383983" lon="-0.5715862" />
 <node id="35258490" lat="44.8399639" lon="-0.5765830" />
 <node id="35258492" lat="44.8397130" lon="-0.5789649" />
 <node id="35258493" lat="44.8398588" lon="-0.5776472" />
 <node id="35258496" lat="44.8399338" lon="-0.5768878" />
 <node id="35258498" lat="44.8400161" lon="-0.5760550" />
 <node id="35258500" lat="44.8404424" lon="-0.5750531" />
 <node id="35258501" lat="44.8400532" lon="-0.5759663" />
 <node id="35258503" lat="44.8405826" lon="-0.5742916" />
 <node id="35258505" lat="44.8397996" lon="-0.5781819" />
 <node id="35258511" lat="44.8390063" lon="-0.5698003" />
 <node id="35258513" lat="44.8395616" lon="-0.5701903" />
 <node id="35258515" lat="44.8398719" lon="-0.5695060" />
 <node id="35258521" lat="44.8399653" lon="-0.5692309" />
 <node id="35258525" lat="44.8396746" lon="-0.5690153" />
 <node id="35258533" lat="44.8402239" lon="-0.5742302" />
 <node id="35258535" lat="44.8402464" lon="-0.5734119" />
 <node id="35258537" lat="44.8404886" lon="-0.5742750" />
 <node id="35258538" lat="44.8405569" lon="-0.5734700" />
 <node id="35258541" lat="44.8403466" lon="-0.5714814" />
 <node id="35258543" lat="44.8402469" lon="-0.5711715" />
 <node id="35258551" lat="44.8397629" lon="-0.5697403" />
 <node id="35258552" lat="44.8406247" lon="-0.5800936" />
 <node id="35258559" lat="44.8407856" lon="-0.5784055" />
 <node id="35258561" lat="44.8406515" lon="-0.5797136" />
 <node id="35258563" lat="44.8407356" lon="-0.5789949" />
 <node id="35258564" lat="44.8400598" lon="-0.5790902" />
 <node id="35258571" lat="44.8387431" lon="-0.5795768" />
 <node id="35258573" lat="44.8391003" lon="-0.5796743" />
 <node id="35258575" lat="44.8395529" lon="-0.5797977" />
 <node id="35258576" lat="44.8399080" lon="-0.5798946" />
 <node id="35258578" lat="44.8402585" lon="-0.5799902" />
 <node id="35258595" lat="44.8382965" lon="-0.5756748" />
 <node id="35258598" lat="44.8384251" lon="-0.5744959" />
 <node id="35258599" lat="44.8383409" lon="-0.5746705" />
 <node id="35258601" lat="44.8379354" lon="-0.5746690" />
 <node id="35258604" lat="44.8394218" lon="-0.5758608" />
 <node id="35258606" lat="44.8396501" lon="-0.5741378" />
 <node id="35258608" lat="44.8388287" lon="-0.5749517" />
 <node id="35258609" lat="44.8388815" lon="-0.5743611" />
 <node id="35258624" lat="44.8407083" lon="-0.5713718" />
 <node id="35258626" lat="44.8406489" lon="-0.5710044" />
 <node id="35258628" lat="44.8409106" lon="-0.5709355" />
 <node id="35258630" lat="44.8409243" lon="-0.5705944" />
 <node id="35258633" lat="44.8408090" lon="-0.5703965" />
 <node id="35258635" lat="44.8406884" lon="-0.5704291" />
 <node id="35258637" lat="44.8411267" lon="-0.5743814" />
 <node id="35258640" lat="44.8411932" lon="-0.5735966" />
 <node id="35258645" lat="44.8405706" lon="-0.5731136" />
 <node id="35258647" lat="44.8412314" lon="-0.5731465" />
 <node id="35258652" lat="44.8412972" lon="-0.5723699" />
 <node id="35258669" lat="44.8412531" lon="-0.5728907" />
 <node id="35258684" lat="44.8408299" lon="-0.5778831" />
 <node id="35258688" lat="44.8408874" lon="-0.5772038" />
 <node id="35258691" lat="44.8410475" lon="-0.5753154" />
 <node id="229941443" lat="44.8410466" lon="-0.5702704" />
 <node id="250154538" lat="44.8405500" lon="-0.5800721" />
 <node id="250287736" lat="44.8372136" lon="-0.5776057" />
 <node id="250287751" lat="44.8370962" lon="-0.5787378" />
 <node id="250287893" lat="44.8376495" lon="-0.5689019" />
 <node id="250287929" lat="44.8375409" lon="-0.5696582" />
 <node id="250287930" lat="44.8378271" lon="-0.5697755" />
 <node id="250311888" lat="44.8372481" lon="-0.5772642" />
 <node id="250344358" lat="44.8385530" lon="-0.5778914" />
 <node id="250346774" lat="44.8383060" lon="-0.5773206" />
 <node id="250347735" lat="44.8376044" lon="-0.5728315" />
 <node id="250349130" lat="44.8373994" lon="-0.5706850" />
 <node id="250349131" lat="44.8377610" lon="-0.5707392" />
 <node id="250572758" lat="44.8374191" lon="-0.5755440" />
 <node id="250574525" lat="44.8383929" lon="-0.5763298" />
 <node id="250574736" lat="44.8381793" lon="-0.5786786" />
 <node id="250574773" lat="44.8382541" lon="-0.5772446" />
 <node id="250574774" lat="44.8382867" lon="-0.5768994" />
 <node id="250574775" lat="44.8382747" lon="-0.5767165" />
 <node id="250574776" lat="44.8382129" lon="-0.5765632" />
 <node id="250575095" lat="44.8375325" lon="-0.5737914" />
 <node id="250575223" lat="44.8376902" lon="-0.5762581" />
 <node id="251294969" lat="44.8381570" lon="-0.5789204" />
 <node id="251540524" lat="44.8412556" lon="-0.5797265" />
 <node id="251540719" lat="44.8394173" lon="-0.5775722" />
 <node id="251542437" lat="44.8372339" lon="-0.5720756" />
 <node id="251542438" lat="44.8369413" lon="-0.5720763" />
 <node id="254609681" lat="44.8385105" lon="-0.5743747" />
 <node id="254611049" lat="44.8372507" lon="-0.5761991" />
 <node id="255272297" lat="44.8393271" lon="-0.5713367" />
 <node id="255272298" lat="44.8390996" lon="-0.5713482" />
 <node id="255272979" lat="44.8379577" lon="-0.5724639" />
 <node id="255272986" lat="44.8384899" lon="-0.5724110" />
 <node id="255272987" lat="44.8387033" lon="-0.5724111" />
 <node id="255273050" lat="44.8390733" lon="-0.5706400" />
 <node id="255273051" lat="44.8390651" lon="-0.5703892" />
 <node id="255273229" lat="44.8389111" lon="-0.5740159" />
 <node id="255273303" lat="44.8395646" lon="-0.5748814" />
 <node id="255273304" lat="44.8394965" lon="-0.5752651" />
 <node id="255273314" lat="44.8392862" lon="-0.5750414" />
 <node id="255273315" lat="44.8392442" lon="-0.5744389" />
 <node id="258075188" lat="44.8400527" lon="-0.5689763" />
 <node id="262688701" lat="44.8382509" lon="-0.5778998" />
 <node id="266198929" lat="44.8412258" lon="-0.5707077" />
 <node id="266199198" lat="44.8406334" lon="-0.5700930" />
 <node id="266199214" lat="44.8399542" lon="-0.5698284" />
 <node id="267160540" lat="44.8374162" lon="-0.5790825" />
 <node id="268627220" lat="44.8396290" lon="-0.5693579" />
 <node id="268627223" lat="44.8393187" lon="-0.5700383" />
 <node id="268627225" lat="44.8390390" lon="-0.5689628" />
 <node id="268627227" lat="44.8388014" lon="-0.5696601" />
 <node id="279154939" lat="44.8394437" lon="-0.5720034" />
 <node id="279154940" lat="44.8394431" lon="-0.5720591" />
 <node id="279154942" lat="44.8396761" lon="-0.5731277" />
 <node id="279157456" lat="44.8399049" lon="-0.5771801" />
 <node id="281018749" lat="44.8410013" lon="-0.5701438" />
 <node id="281018751" lat="44.8404730" lon="-0.5692664" />
 <node id="281020301" lat="44.8403642" lon="-0.5697318" />
 <node id="281027751" lat="44.8411723" lon="-0.5692218" />
 <node id="281062226" lat="44.8386603" lon="-0.5701115" />
 <node id="281062492" lat="44.8391949" lon="-0.5702811" />
 <node id="281062494" lat="44.8394141" lon="-0.5703604" />
 <node id="281062495" lat="44.8395869" lon="-0.5703160" />
 <node id="281066302" lat="44.8370518" lon="-0.5690590" />
 <node id="281066303" lat="44.8368477" lon="-0.5689870" />
 <node id="281066346" lat="44.8374733" lon="-0.5728064" />
 <node id="281066441" lat="44.8374080" lon="-0.5717876" />
 <node id="281066646" lat="44.8376276" lon="-0.5707194" />
 <node id="281066677" lat="44.8375660" lon="-0.5712943" />
 <node id="281935423" lat="44.8408732" lon="-0.5716140" />
 <node id="281935546" lat="44.8408025" lon="-0.5713599" />
 <node id="281935608" lat="44.8394672" lon="-0.5703518" />
 <node id="281935963" lat="44.8387696" lon="-0.5696466" />
 <node id="281936216" lat="44.8381383" lon="-0.5718489" />
 <node id="281936369" lat="44.8381834" lon="-0.5714350" />
 <node id="281938256" lat="44.8399587" lon="-0.5745101" />
 <node id="281938441" lat="44.8410855" lon="-0.5748673" />
 <node id="281938554" lat="44.8408538" lon="-0.5747985" />
 <node id="281938555" lat="44.8409050" lon="-0.5743448" />
 <node id="282085053" lat="44.8382332" lon="-0.5763814" />
 <node id="289653556" lat="44.8369419" lon="-0.5730803" />
 <node id="289653590" lat="44.8372558" lon="-0.5730389" />
 <node id="289653592" lat="44.8369409" lon="-0.5723676" />
 <node id="289653697" lat="44.8367047" lon="-0.5723492" />
 <node id="290935786" lat="44.8367593" lon="-0.5702402" />
 <node id="290954481" lat="44.8402531" lon="-0.5754859" />
 <node id="290954493" lat="44.8403936" lon="-0.5756112" />
 <node id="291573917" lat="44.8368813" lon="-0.5694997" />
 <node id="291573937" lat="44.8368734" lon="-0.5699314" />
 <node id="291574777" lat="44.8378265" lon="-0.5698628" />
 <node id="292902761" lat="44.8372363" lon="-0.5688497" />
 <node id="310586705" lat="44.8368524" lon="-0.5759304" />
 <node id="310586736" lat="44.8369067" lon="-0.5756635" />
 <node id="450242450" lat="44.8412957" lon="-0.5760418" />
 <node id="476340170" lat="44.8394554" lon="-0.5754985" />
 <node id="483680605" lat="44.8398106" lon="-0.5697864" />
 <node id="483680609" lat="44.8411478" lon="-0.5693424" />
 <node id="483680612" lat="44.8405287" lon="-0.5693005" />
 <node id="483680622" lat="44.8394257" lon="-0.5738009" />
 <node id="483680623" lat="44.8393286" lon="-0.5738205" />
 <node id="483680625" lat="44.8391717" lon="-0.5738896" />
 <node id="483680626" lat="44.8391112" lon="-0.5739033" />
 <node id="483680628" lat="44.8389243" lon="-0.5738624" />
 <node id="527358626" lat="44.8372321" lon="-0.5727602" />
 <node id="527358627" lat="44.8372328" lon="-0.5725652" />
 <node id="534389889" lat="44.8393603" lon="-0.5765055" />
 <node id="558787517" lat="44.8394124" lon="-0.5706360" />
 <node id="558788656" lat="44.8391377" lon="-0.5719868" />
 <node id="558789972" lat="44.8380193" lon="-0.5730895" />
 <node id="563184544" lat="44.8388090" lon="-0.5719951" />
 <node id="563184547" lat="44.8389859" lon="-0.5720892" />
 <node id="563184549" lat="44.8388591" lon="-0.5720255" />
 <node id="563184552" lat="44.8390192" lon="-0.5720260" />
 <node id="563231093" lat="44.8380051" lon="-0.5724643" />
 <node id="563232961" lat="44.8379849" lon="-0.5738632" />
 <node id="563232967" lat="44.8369391" lon="-0.5728031" />
 <node id="563238036" lat="44.8400447" lon="-0.5734590" />
 <node id="563985732" lat="44.8386185" lon="-0.5773005" />
 <node id="563985737" lat="44.8384062" lon="-0.5764035" />
 <node id="563985754" lat="44.8378074" lon="-0.5762183" />
 <node id="563985755" lat="44.8378968" lon="-0.5762258" />
 <node id="563985761" lat="44.8386275" lon="-0.5779165" />
 <node id="563999562" lat="44.8404454" lon="-0.5718079" />
 <node id="563999597" lat="44.8398565" lon="-0.5707826" />
 <node id="566718968" lat="44.8405607" lon="-0.5733707" />
 <node id="566718975" lat="44.8405545" lon="-0.5735102" />
 <node id="566718979" lat="44.8402489" lon="-0.5734482" />
 <node id="566718984" lat="44.8402342" lon="-0.5732603" />
 <node id="566720789" lat="44.8402790" lon="-0.5711557" />
 <node id="566720794" lat="44.8404789" lon="-0.5714279" />
 <node id="566720798" lat="44.8403466" lon="-0.5703288" />
 <node id="568252925" lat="44.8389950" lon="-0.5728997" />
 <node id="569663355" lat="44.8372344" lon="-0.5718211" />
 <node id="569663427" lat="44.8389755" lon="-0.5732597" />
 <node id="569663529" lat="44.8368288" lon="-0.5715718" />
 <node id="570217010" lat="44.8374799" lon="-0.5737827" />
 <node id="570217012" lat="44.8412326" lon="-0.5753348" />
 <node id="602509597" lat="44.8368739" lon="-0.5715792" />
 <node id="602509598" lat="44.8369606" lon="-0.5716708" />
 <node id="602509600" lat="44.8387537" lon="-0.5714983" />
 <node id="602509601" lat="44.8367183" lon="-0.5710061" />
 <node id="602509604" lat="44.8368687" lon="-0.5696798" />
 <node id="602509605" lat="44.8379855" lon="-0.5698749" />
 <node id="602509606" lat="44.8380499" lon="-0.5709153" />
 <node id="602509607" lat="44.8389185" lon="-0.5712390" />
 <node id="615044573" lat="44.8390750" lon="-0.5705826" />
 <node id="631988111" lat="44.8391609" lon="-0.5713517" />
 <node id="637673912" lat="44.8367940" lon="-0.5790890" />
 <node id="637673914" lat="44.8368304" lon="-0.5790738" />
 <node id="637673922" lat="44.8369369" lon="-0.5790766" />
 <node id="673776349" lat="44.8405363" lon="-0.5690435" />
 <node id="673776350" lat="44.8405735" lon="-0.5689270" />
 <node id="833394140" lat="44.8402155" lon="-0.5699929" />
 <node id="833394141" lat="44.8395498" lon="-0.5703307" />
 <node id="833394147" lat="44.8395126" lon="-0.5701927" />
 <node id="848813440" lat="44.8370812" lon="-0.5757394" />
 <node id="861126600" lat="44.8390420" lon="-0.5702205" />
 <node id="861126619" lat="44.8387610" lon="-0.5696975" />
 <node id="930653343" lat="44.8407114" lon="-0.5751948" />
 <node id="930653347" lat="44.8398840" lon="-0.5711939" />
 <node id="930653351" lat="44.8395978" lon="-0.5703698" />
 <node id="930653363" lat="44.8379590" lon="-0.5716567" />
 <node id="930653364" lat="44.8404268" lon="-0.5751037" />
 <node id="930653368" lat="44.8382882" lon="-0.5746706" />
 <node id="930653371" lat="44.8407671" lon="-0.5751761" />
 <node id="930653374" lat="44.8405320" lon="-0.5746353" />
 <node id="930653377" lat="44.8381747" lon="-0.5715406" />
 <node id="930653379" lat="44.8405613" lon="-0.5751610" />
 <node id="930653390" lat="44.8396748" lon="-0.5715378" />
 <node id="930653394" lat="44.8374157" lon="-0.5763547" />
 <node id="930653398" lat="44.8408215" lon="-0.5751379" />
 <node id="930653400" lat="44.8410621" lon="-0.5751438" />
 <node id="930653402" lat="44.8409507" lon="-0.5712682" />
 <node id="930653405" lat="44.8403823" lon="-0.5756699" />
 <node id="930653407" lat="44.8395153" lon="-0.5709786" />
 <node id="930653424" lat="44.8406251" lon="-0.5751811" />
 <node id="930653429" lat="44.8400051" lon="-0.5715904" />
 <node id="930653433" lat="44.8379387" lon="-0.5733821" />
 <node id="930653436" lat="44.8387286" lon="-0.5699670" />
 <node id="930660359" lat="44.8386776" lon="-0.5731923" />
 <node id="930660360" lat="44.8383691" lon="-0.5731584" />
 <node id="930660361" lat="44.8400455" lon="-0.5738237" />
 <node id="930660362" lat="44.8402511" lon="-0.5736403" />
 <node id="930660364" lat="44.8405286" lon="-0.5738971" />
 <node id="930680946" lat="44.8397723" lon="-0.5721400" />
 <node id="930680956" lat="44.8394767" lon="-0.5722505" />
 <node id="930680958" lat="44.8395518" lon="-0.5726067" />
 <node id="930680961" lat="44.8395935" lon="-0.5700728" />
 <node id="930710033" lat="44.8375825" lon="-0.5712151" />
 <node id="930710066" lat="44.8371253" lon="-0.5730652" />
 <node id="930710069" lat="44.8374167" lon="-0.5704000" />
 <node id="930721141" lat="44.8387616" lon="-0.5757013" />
 <node id="930721146" lat="44.8373714" lon="-0.5755414" />
 <node id="930721150" lat="44.8369276" lon="-0.5741884" />
 <node id="930721152" lat="44.8382518" lon="-0.5772971" />
 <node id="930764445" lat="44.8402210" lon="-0.5731327" />
 <node id="930801346" lat="44.8411221" lon="-0.5713240" />
 <node id="930810444" lat="44.8390615" lon="-0.5724006" />
 <node id="930810494" lat="44.8397321" lon="-0.5704689" />
 <node id="930810555" lat="44.8401305" lon="-0.5706350" />
 <node id="930810566" lat="44.8386963" lon="-0.5725306" />
 <node id="930810655" lat="44.8399251" lon="-0.5704052" />
 <node id="930811002" lat="44.8388685" lon="-0.5702967" />
 <node id="930811208" lat="44.8396796" lon="-0.5729417" />
 <node id="930811243" lat="44.8387681" lon="-0.5701833" />
 <node id="930811341" lat="44.8385446" lon="-0.5689092" />
 <node id="930811437" lat="44.8388886" lon="-0.5726231" />
 <node id="930811490" lat="44.8399074" lon="-0.5704132" />
 <node id="930811519" lat="44.8397482" lon="-0.5706876" />
 <node id="930811567" lat="44.8383878" lon="-0.5692237" />
 <node id="930811570" lat="44.8383765" lon="-0.5695460" />
 <node id="930811639" lat="44.8398785" lon="-0.5704443" />
 <node id="930811869" lat="44.8381386" lon="-0.5697958" />
 <node id="930811895" lat="44.8401500" lon="-0.5707013" />
 <node id="930811905" lat="44.8386459" lon="-0.5692482" />
 <node id="930812057" lat="44.8396223" lon="-0.5705671" />
 <node id="930812282" lat="44.8385919" lon="-0.5695229" />
 <node id="930812325" lat="44.8386124" lon="-0.5694197" />
 <node id="930812353" lat="44.8396988" lon="-0.5703513" />
 <node id="930812591" lat="44.8385420" lon="-0.5702596" />
 <node id="930812803" lat="44.8398708" lon="-0.5704460" />
 <node id="930812866" lat="44.8390663" lon="-0.5723785" />
 <node id="930812935" lat="44.8397906" lon="-0.5704704" />
 <node id="930812940" lat="44.8388304" lon="-0.5701998" />
 <node id="930813282" lat="44.8397128" lon="-0.5704600" />
 <node id="930813338" lat="44.8397758" lon="-0.5704737" />
 <node id="930813438" lat="44.8397204" lon="-0.5704632" />
 <node id="930813531" lat="44.8399194" lon="-0.5704097" />
 <node id="930814514" lat="44.8390643" lon="-0.5724008" />
 <node id="930814547" lat="44.8397154" lon="-0.5704223" />
 <node id="930814606" lat="44.8397157" lon="-0.5704349" />
 <node id="930814654" lat="44.8399593" lon="-0.5707806" />
 <node id="930814657" lat="44.8388504" lon="-0.5701849" />
 <node id="930814661" lat="44.8390757" lon="-0.5722124" />
 <node id="930814680" lat="44.8387001" lon="-0.5724545" />
 <node id="930814914" lat="44.8386700" lon="-0.5691251" />
 <node id="930815111" lat="44.8381141" lon="-0.5696452" />
 <node id="930815119" lat="44.8400978" lon="-0.5707212" />
 <node id="930815122" lat="44.8386151" lon="-0.5703951" />
 <node id="930815161" lat="44.8387273" lon="-0.5688303" />
 <node id="930815169" lat="44.8397058" lon="-0.5703727" />
 <node id="930815179" lat="44.8383181" lon="-0.5696075" />
 <node id="930815220" lat="44.8390470" lon="-0.5726399" />
 <node id="930815377" lat="44.8397446" lon="-0.5706692" />
 <node id="930815425" lat="44.8388647" lon="-0.5701949" />
 <node id="930815531" lat="44.8396599" lon="-0.5703706" />
 <node id="930815770" lat="44.8389710" lon="-0.5726625" />
 <node id="930815858" lat="44.8399613" lon="-0.5703843" />
 <node id="930815891" lat="44.8401298" lon="-0.5706336" />
 <node id="930816058" lat="44.8385669" lon="-0.5700785" />
 <node id="930816187" lat="44.8380152" lon="-0.5697967" />
 <node id="930817033" lat="44.8397688" lon="-0.5704767" />
 <node id="930817124" lat="44.8387567" lon="-0.5725603" />
 <node id="930817227" lat="44.8388885" lon="-0.5726245" />
 <node id="930817283" lat="44.8397832" lon="-0.5708600" />
 <node id="930817563" lat="44.8397198" lon="-0.5704590" />
 <node id="930817696" lat="44.8390651" lon="-0.5723301" />
 <node id="930817830" lat="44.8385862" lon="-0.5703401" />
 <node id="930817838" lat="44.8397123" lon="-0.5704312" />
 <node id="930817908" lat="44.8388220" lon="-0.5703330" />
 <node id="930817947" lat="44.8385172" lon="-0.5701608" />
 <node id="930817976" lat="44.8380753" lon="-0.5697045" />
 <node id="930818013" lat="44.8390531" lon="-0.5725563" />
 <node id="930818017" lat="44.8397232" lon="-0.5704627" />
 <node id="930818081" lat="44.8390692" lon="-0.5723325" />
 <node id="930818274" lat="44.8398768" lon="-0.5704330" />
 <node id="930818422" lat="44.8385951" lon="-0.5700333" />
 <node id="930818497" lat="44.8390876" lon="-0.5720360" />
 <node id="930818523" lat="44.8399503" lon="-0.5703774" />
 <node id="930818640" lat="44.8390628" lon="-0.5723790" />
 <node id="930818722" lat="44.8390684" lon="-0.5722687" />
 <node id="930818752" lat="44.8399158" lon="-0.5704109" />
 <node id="930818947" lat="44.8390663" lon="-0.5723120" />
 <node id="930818974" lat="44.8398714" lon="-0.5704495" />
 <node id="930819452" lat="44.8390698" lon="-0.5722478" />
 <node id="930819549" lat="44.8385668" lon="-0.5696388" />
 <node id="930819785" lat="44.8388186" lon="-0.5701963" />
 <node id="930819996" lat="44.8398934" lon="-0.5728822" />
 <node id="930820152" lat="44.8387061" lon="-0.5723737" />
 <node id="930820312" lat="44.8398029" lon="-0.5704564" />
 <node id="930820661" lat="44.8397063" lon="-0.5703573" />
 <node id="930820720" lat="44.8401332" lon="-0.5706373" />
 <node id="930821004" lat="44.8397770" lon="-0.5704808" />
 <node id="930821106" lat="44.8390693" lon="-0.5723066" />
 <node id="930821145" lat="44.8386743" lon="-0.5701537" />
 <node id="930821263" lat="44.8396588" lon="-0.5703600" />
 <node id="930821358" lat="44.8382447" lon="-0.5696843" />
 <node id="930821443" lat="44.8390792" lon="-0.5721237" />
 <node id="930821473" lat="44.8398729" lon="-0.5704244" />
 <node id="930821651" lat="44.8390581" lon="-0.5724844" />
 <node id="930821685" lat="44.8401292" lon="-0.5706321" />
 <node id="930822088" lat="44.8399609" lon="-0.5703752" />
 <node id="930822222" lat="44.8400446" lon="-0.5703937" />
 <node id="930822573" lat="44.8396986" lon="-0.5703583" />
 <node id="930822641" lat="44.8396521" lon="-0.5703729" />
 <node id="930822659" lat="44.8390519" lon="-0.5725723" />
 <node id="930822679" lat="44.8381544" lon="-0.5695833" />
 <node id="930822742" lat="44.8397668" lon="-0.5704521" />
 <node id="930822786" lat="44.8398457" lon="-0.5704479" />
 <node id="930822788" lat="44.8398630" lon="-0.5704518" />
 <node id="930822807" lat="44.8380918" lon="-0.5698448" />
 <node id="930822824" lat="44.8385731" lon="-0.5696116" />
 <node id="930822926" lat="44.8385011" lon="-0.5690172" />
 <node id="930823090" lat="44.8397111" lon="-0.5704473" />
 <node id="930823105" lat="44.8397849" lon="-0.5704721" />
 <node id="930823407" lat="44.8397671" lon="-0.5704647" />
 <node id="930823504" lat="44.8398624" lon="-0.5704482" />
 <node id="930823644" lat="44.8399927" lon="-0.5704066" />
 <node id="930823795" lat="44.8401169" lon="-0.5705781" />
 <node id="930823840" lat="44.8397236" lon="-0.5704711" />
 <node id="930823864" lat="44.8397317" lon="-0.5704569" />
 <node id="930823979" lat="44.8385507" lon="-0.5701138" />
 <node id="930824063" lat="44.8400926" lon="-0.5704660" />
 <node id="930824467" lat="44.8398747" lon="-0.5704329" />
 <node id="930824513" lat="44.8387214" lon="-0.5722633" />
 <node id="930824575" lat="44.8387308" lon="-0.5701733" />
 <node id="930824811" lat="44.8380313" lon="-0.5699083" />
 <node id="930824966" lat="44.8386462" lon="-0.5700693" />
 <node id="930825182" lat="44.8384658" lon="-0.5691019" />
 <node id="930825183" lat="44.8387728" lon="-0.5703475" />
 <node id="930825247" lat="44.8390742" lon="-0.5722383" />
 <node id="930825672" lat="44.8387579" lon="-0.5719876" />
 <node id="930826120" lat="44.8384383" lon="-0.5695776" />
 <node id="930826376" lat="44.8386294" lon="-0.5693319" />
 <node id="930826730" lat="44.8383258" lon="-0.5693194" />
 <node id="930826775" lat="44.8397105" lon="-0.5703800" />
 <node id="930826996" lat="44.8401318" lon="-0.5706365" />
 <node id="930827042" lat="44.8382688" lon="-0.5694070" />
 <node id="930827120" lat="44.8390710" lon="-0.5722745" />
 <node id="930827148" lat="44.8388116" lon="-0.5725875" />
 <node id="930827305" lat="44.8399176" lon="-0.5704201" />
 <node id="930827472" lat="44.8399672" lon="-0.5703742" />
 <node id="930827544" lat="44.8398553" lon="-0.5704513" />
 <node id="930827587" lat="44.8390580" lon="-0.5725566" />
 <node id="930827616" lat="44.8398314" lon="-0.5708357" />
 <node id="930827748" lat="44.8400829" lon="-0.5704192" />
 <node id="930827838" lat="44.8399223" lon="-0.5703833" />
 <node id="930828581" lat="44.8401312" lon="-0.5706358" />
 <node id="930828583" lat="44.8399515" lon="-0.5703865" />
 <node id="930828599" lat="44.8390616" lon="-0.5724854" />
 <node id="930828646" lat="44.8385019" lon="-0.5701829" />
 <node id="930829106" lat="44.8397854" lon="-0.5704785" />
 <node id="930829108" lat="44.8385045" lon="-0.5696100" />
 <node id="930829175" lat="44.8381976" lon="-0.5695167" />
 <node id="930829270" lat="44.8399085" lon="-0.5704224" />
 <node id="930829475" lat="44.8382342" lon="-0.5694601" />
 <node id="930829544" lat="44.8397651" lon="-0.5707720" />
 <node id="930829623" lat="44.8381626" lon="-0.5697704" />
 <node id="930829666" lat="44.8397074" lon="-0.5703679" />
 <node id="930829752" lat="44.8399195" lon="-0.5704056" />
 <node id="933350672" lat="44.8404466" lon="-0.5751160" />
 <node id="933350694" lat="44.8409558" lon="-0.5751408" />
 <node id="933362802" lat="44.8408409" lon="-0.5800411" />
 <node id="933363404" lat="44.8382566" lon="-0.5778953" />
 <node id="933364101" lat="44.8372097" lon="-0.5790416" />
 <node id="933365282" lat="44.8373794" lon="-0.5790760" />
 <node id="933366554" lat="44.8399455" lon="-0.5744855" />
 <node id="933366659" lat="44.8412465" lon="-0.5763218" />
 <node id="933366902" lat="44.8406991" lon="-0.5800525" />
 <node id="933367172" lat="44.8382559" lon="-0.5778952" />
 <node id="933368283" lat="44.8405516" lon="-0.5800254" />
 <node id="933368290" lat="44.8389386" lon="-0.5741170" />
 <node id="933369771" lat="44.8412292" lon="-0.5753642" />
 <node id="933369908" lat="44.8393574" lon="-0.5748097" />
 <node id="933370394" lat="44.8386950" lon="-0.5743708" />
 <node id="933370468" lat="44.8403190" lon="-0.5748854" />
 <node id="933370818" lat="44.8382545" lon="-0.5778958" />
 <node id="933371345" lat="44.8393740" lon="-0.5748135" />
 <node id="933372246" lat="44.8384778" lon="-0.5742054" />
 <node id="933372644" lat="44.8411077" lon="-0.5800275" />
 <node id="933372839" lat="44.8382537" lon="-0.5778965" />
 <node id="933373454" lat="44.8384948" lon="-0.5742183" />
 <node id="933373541" lat="44.8388123" lon="-0.5743410" />
 <node id="933373986" lat="44.8412277" lon="-0.5753900" />
 <node id="933375083" lat="44.8374529" lon="-0.5790890" />
 <node id="933375719" lat="44.8411931" lon="-0.5800146" />
 <node id="933375766" lat="44.8372554" lon="-0.5790515" />
 <node id="933376298" lat="44.8383987" lon="-0.5779419" />
 <node id="933376301" lat="44.8399849" lon="-0.5745215" />
 <node id="933378582" lat="44.8383178" lon="-0.5779222" />
 <node id="933378888" lat="44.8412291" lon="-0.5753663" />
 <node id="933379441" lat="44.8386899" lon="-0.5773508" />
 <node id="933379793" lat="44.8412705" lon="-0.5760894" />
 <node id="933380581" lat="44.8409505" lon="-0.5800387" />
 <node id="933381211" lat="44.8371030" lon="-0.5790203" />
 <node id="933381311" lat="44.8410184" lon="-0.5760829" />
 <node id="933381401" lat="44.8409499" lon="-0.5800331" />
 <node id="933382201" lat="44.8393997" lon="-0.5748179" />
 <node id="933383306" lat="44.8385027" lon="-0.5740123" />
 <node id="933383547" lat="44.8394764" lon="-0.5752589" />
 <node id="933384367" lat="44.8386430" lon="-0.5743844" />
 <node id="933386130" lat="44.8392951" lon="-0.5749276" />
 <node id="933387282" lat="44.8382523" lon="-0.5778971" />
 <node id="933388008" lat="44.8384946" lon="-0.5741364" />
 <node id="933388103" lat="44.8399654" lon="-0.5743838" />
 <node id="933388333" lat="44.8384904" lon="-0.5743364" />
 <node id="933388481" lat="44.8404512" lon="-0.5749433" />
 <node id="933389128" lat="44.8394211" lon="-0.5748227" />
 <node id="933389796" lat="44.8392728" lon="-0.5751938" />
 <node id="933389814" lat="44.8411792" lon="-0.5759997" />
 <node id="933390159" lat="44.8409171" lon="-0.5800353" />
 <node id="933390569" lat="44.8393013" lon="-0.5747971" />
 <node id="933391646" lat="44.8385881" lon="-0.5743985" />
 <node id="933392097" lat="44.8410185" lon="-0.5763014" />
 <node id="933393528" lat="44.8384796" lon="-0.5741474" />
 <node id="933393718" lat="44.8385197" lon="-0.5779739" />
 <node id="933394742" lat="44.8384924" lon="-0.5742063" />
 <node id="933394768" lat="44.8384920" lon="-0.5742182" />
 <node id="933395290" lat="44.8389206" lon="-0.5743323" />
 <node id="933395790" lat="44.8412024" lon="-0.5757064" />
 <node id="933396392" lat="44.8393019" lon="-0.5748671" />
 <node id="933396447" lat="44.8383173" lon="-0.5779137" />
 <node id="933397013" lat="44.8376849" lon="-0.5788926" />
 <node id="933397652" lat="44.8411718" lon="-0.5760812" />
 <node id="933398116" lat="44.8385305" lon="-0.5744131" />
 <node id="933398640" lat="44.8412003" lon="-0.5757286" />
 <node id="933399283" lat="44.8399751" lon="-0.5745183" />
 <node id="933400932" lat="44.8384604" lon="-0.5779541" />
 <node id="933400995" lat="44.8382516" lon="-0.5778984" />
 <node id="933404711" lat="44.8399833" lon="-0.5742589" />
 <node id="933408508" lat="44.8395473" lon="-0.5748452" />
 <node id="933409212" lat="44.8407738" lon="-0.5800467" />
 <node id="933409304" lat="44.8411387" lon="-0.5763123" />
 <node id="933409588" lat="44.8410385" lon="-0.5800323" />
 <node id="933409894" lat="44.8376172" lon="-0.5791195" />
 <node id="933414750" lat="44.8395691" lon="-0.5774138" />
 <node id="933416318" lat="44.8411522" lon="-0.5761038" />
 <node id="933416862" lat="44.8387456" lon="-0.5743578" />
 <node id="933419041" lat="44.8384981" lon="-0.5741366" />
 <node id="933421331" lat="44.8392846" lon="-0.5750621" />
 <node id="933421530" lat="44.8411929" lon="-0.5800209" />
 <node id="933421830" lat="44.8411898" lon="-0.5758638" />
 <node id="933421953" lat="44.8412611" lon="-0.5763227" />
 <node id="933423137" lat="44.8384942" lon="-0.5741483" />
 <node id="933486851" lat="44.8393168" lon="-0.5788634" />
 <node id="933486853" lat="44.8399166" lon="-0.5790540" />
 <node id="933486869" lat="44.8410233" lon="-0.5797198" />
 <node id="933486870" lat="44.8406769" lon="-0.5796790" />
 <node id="933486877" lat="44.8402181" lon="-0.5777223" />
 <node id="933486882" lat="44.8384862" lon="-0.5787304" />
 <node id="933492621" lat="44.8367374" lon="-0.5772149" />
 <node id="933508111" lat="44.8370329" lon="-0.5790834" />
 <node id="933746086" lat="44.8368574" lon="-0.5716176" />
 <node id="933746221" lat="44.8372540" lon="-0.5718411" />
 <node id="933746272" lat="44.8372479" lon="-0.5710572" />
 <node id="933746323" lat="44.8372807" lon="-0.5707217" />
 <node id="933746784" lat="44.8369040" lon="-0.5716878" />
 <node id="933746888" lat="44.8369834" lon="-0.5720673" />
 <node id="933747056" lat="44.8372541" lon="-0.5720799" />
 <node id="933747096" lat="44.8369501" lon="-0.5715492" />
 <node id="933747100" lat="44.8369021" lon="-0.5720125" />
 <node id="933747125" lat="44.8372558" lon="-0.5711382" />
 <node id="933747151" lat="44.8370398" lon="-0.5720680" />
 <node id="933747218" lat="44.8370154" lon="-0.5715588" />
 <node id="933747334" lat="44.8368511" lon="-0.5716166" />
 <node id="933747372" lat="44.8372161" lon="-0.5720712" />
 <node id="933747549" lat="44.8368967" lon="-0.5715417" />
 <node id="933747807" lat="44.8370900" lon="-0.5720690" />
 <node id="933747918" lat="44.8371980" lon="-0.5720708" />
 <node id="933747982" lat="44.8369055" lon="-0.5717929" />
 <node id="933748066" lat="44.8372562" lon="-0.5708602" />
 <node id="933748134" lat="44.8372664" lon="-0.5707796" />
 <node id="933748180" lat="44.8368676" lon="-0.5716260" />
 <node id="933748185" lat="44.8369025" lon="-0.5718683" />
 <node id="933748215" lat="44.8369046" lon="-0.5717130" />
 <node id="933748270" lat="44.8372506" lon="-0.5709271" />
 <node id="933748275" lat="44.8372583" lon="-0.5708603" />
 <node id="933748467" lat="44.8368613" lon="-0.5716242" />
 <node id="933748468" lat="44.8371791" lon="-0.5715823" />
 <node id="933748547" lat="44.8369020" lon="-0.5720819" />
 <node id="933748551" lat="44.8369027" lon="-0.5717934" />
 <node id="933748612" lat="44.8372523" lon="-0.5715819" />
 <node id="933748716" lat="44.8372520" lon="-0.5709272" />
 <node id="933749300" lat="44.8372518" lon="-0.5717338" />
 <node id="933749462" lat="44.8372762" lon="-0.5707123" />
 <node id="933749560" lat="44.8370730" lon="-0.5715673" />
 <node id="933749564" lat="44.8372454" lon="-0.5710024" />
 <node id="933749581" lat="44.8369805" lon="-0.5720706" />
 <node id="933751386" lat="44.8368354" lon="-0.5745285" />
 <node id="933751387" lat="44.8368644" lon="-0.5744347" />
 <node id="933788592" lat="44.8376325" lon="-0.5691204" />
 <node id="933788594" lat="44.8379339" lon="-0.5698803" />
 <node id="1156665063" lat="44.8367663" lon="-0.5791297" />
 <node id="1316454822" lat="44.8405225" lon="-0.5710493" />
 <node id="1316454828" lat="44.8405027" lon="-0.5714161" />
 <node id="1320547227" lat="44.8398073" lon="-0.5708479" />
 <node id="1320547228" lat="44.8395955" lon="-0.5704890" />
 <node id="1320547231" lat="44.8397991" lon="-0.5708071" />
 <node id="1320547232" lat="44.8397651" lon="-0.5706378" />
 <node id="1320547240" lat="44.8396429" lon="-0.5705184" />
 <node id="1320547242" lat="44.8401162" lon="-0.5706809" />
 <node id="1320547244" lat="44.8401239" lon="-0.5707113" />
 <node id="1320547246" lat="44.8396648" lon="-0.5704905" />
 <node id="1320547247" lat="44.8401416" lon="-0.5706693" />
 <node id="1320547248" lat="44.8397455" lon="-0.5705982" />
 <node id="1320548177" lat="44.8400791" lon="-0.5704026" />
 <node id="1320548178" lat="44.8400543" lon="-0.5704097" />
 <node id="1320554398" lat="44.8407661" lon="-0.5718217" />
 <node id="1320554399" lat="44.8404970" lon="-0.5719093" />
 <node id="1320554400" lat="44.8408946" lon="-0.5723129" />
 <node id="1320554401" lat="44.8406069" lon="-0.5721386" />
 <node id="1320554407" lat="44.8404416" lon="-0.5718597" />
 <node id="1320554409" lat="44.8406011" lon="-0.5723209" />
 <node id="1320554415" lat="44.8404701" lon="-0.5718561" />
 <node id="1320554418" lat="44.8408130" lon="-0.5717671" />
 <node id="1320554420" lat="44.8408273" lon="-0.5717320" />
 <node id="1320554506" lat="44.8407929" lon="-0.5718044" />
 <node id="1320597790" lat="44.8390117" lon="-0.5726516" />
 <node id="1320597805" lat="44.8387921" lon="-0.5719402" />
 <node id="1320597808" lat="44.8390536" lon="-0.5720310" />
 <node id="1320597809" lat="44.8390572" lon="-0.5719772" />
 <node id="1320597811" lat="44.8390459" lon="-0.5720076" />
 <node id="1320612451" lat="44.8387471" lon="-0.5716685" />
 <node id="1320642103" lat="44.8384998" lon="-0.5691018" />
 <node id="1320642111" lat="44.8383241" lon="-0.5694179" />
 <node id="1320642114" lat="44.8385819" lon="-0.5695710" />
 <node id="1320642116" lat="44.8383684" lon="-0.5694604" />
 <node id="1320642123" lat="44.8384708" lon="-0.5695922" />
 <node id="1320642130" lat="44.8384871" lon="-0.5695301" />
 <node id="1320721521" lat="44.8396046" lon="-0.5704429" />
 <node id="1320721522" lat="44.8395800" lon="-0.5705237" />
 <node id="1322967776" lat="44.8410674" lon="-0.5695864" />
 <node id="1322967781" lat="44.8412533" lon="-0.5705947" />
 <node id="1322984730" lat="44.8411063" lon="-0.5696404" />
 <node id="1323770178" lat="44.8383552" lon="-0.5746155" />
 <node id="1323803744" lat="44.8393550" lon="-0.5766063" />
 <node id="1608629367" lat="44.8378899" lon="-0.5795503" />
 <node id="1829749774" lat="44.8406570" lon="-0.5689080" />
 <node id="1839062880" lat="44.8367013" lon="-0.5792037" />
 <node id="1839062882" lat="44.8367423" lon="-0.5790822" />
 <node id="1841026017" lat="44.8370794" lon="-0.5786539" />
 <node id="1841026020" lat="44.8371205" lon="-0.5788961" />
 <node id="1841026023" lat="44.8371702" lon="-0.5782880" />
 <node id="1841026032" lat="44.8373698" lon="-0.5761567" />
 <node id="1841026035" lat="44.8374255" lon="-0.5789900" />
 <node id="1908141077" lat="44.8370093" lon="-0.5788016" />
 <node id="1908141131" lat="44.8370153" lon="-0.5787240" />
 <node id="1908141145" lat="44.8370186" lon="-0.5786767" />
 <node id="1920123000" lat="44.8384529" lon="-0.5794977" />
 <node id="1920123004" lat="44.8386852" lon="-0.5774424" />
 <node id="1920123009" lat="44.8409831" lon="-0.5760755" />
 <node id="1928934501" lat="44.8376161" lon="-0.5708528" />
 <node id="1928934502" lat="44.8376229" lon="-0.5707811" />
 <node id="1933369449" lat="44.8399405" lon="-0.5747861" />
 <node id="1952259356" lat="44.8368954" lon="-0.5715882" />
 <node id="1960653847" lat="44.8368508" lon="-0.5792614" />
 <node id="1960653874" lat="44.8374597" lon="-0.5789961" />
 <node id="1960653883" lat="44.8376380" lon="-0.5790274" />
 <node id="1960653897" lat="44.8379501" lon="-0.5789292" />
 <node id="1960653908" lat="44.8380226" lon="-0.5698486" />
 <node id="1960653920" lat="44.8384044" lon="-0.5789702" />
 <node id="1960653939" lat="44.8385059" lon="-0.5790167" />
 <node id="1960653946" lat="44.8385299" lon="-0.5787263" />
 <node id="1960654028" lat="44.8394268" lon="-0.5758063" />
 <node id="1960654038" lat="44.8398332" lon="-0.5694906" />
 <node id="1960654072" lat="44.8407713" lon="-0.5704079" />
 <node id="1960654083" lat="44.8411896" lon="-0.5736387" />
 <node id="1960654093" lat="44.8411990" lon="-0.5735283" />
 <node id="2002303920" lat="44.8368324" lon="-0.5790530" />
 <node id="2019458287" lat="44.8403447" lon="-0.5700195" />
 <node id="2019473174" lat="44.8401822" lon="-0.5690714" />
 <node id="2039786141" lat="44.8409073" lon="-0.5690399" />
 <node id="2039786143" lat="44.8409398" lon="-0.5688900" />
 <node id="2039872504" lat="44.8408860" lon="-0.5709392" />
 <node id="2039872505" lat="44.8409068" lon="-0.5708558" />
 <node id="2039872507" lat="44.8409141" lon="-0.5705782" />
 <node id="2039872509" lat="44.8409144" lon="-0.5710148" />
 <node id="2039872511" lat="44.8409184" lon="-0.5706513" />
 <node id="2039872513" lat="44.8409381" lon="-0.5706014" />
 <node id="2039872515" lat="44.8410262" lon="-0.5713344" />
 <node id="2039915734" lat="44.8399550" lon="-0.5714414" />
 <node id="2039915737" lat="44.8400394" lon="-0.5717383" />
 <node id="2039915740" lat="44.8400478" lon="-0.5717833" />
 <node id="2039915746" lat="44.8400753" lon="-0.5703860" />
 <node id="2039915749" lat="44.8400786" lon="-0.5719546" />
 <node id="2039915752" lat="44.8401001" lon="-0.5721363" />
 <node id="2039915757" lat="44.8401386" lon="-0.5724643" />
 <node id="2039915760" lat="44.8408253" lon="-0.5714992" />
 <node id="2039915763" lat="44.8408369" lon="-0.5715842" />
 <node id="2039915766" lat="44.8409269" lon="-0.5711144" />
 <node id="2039915769" lat="44.8412440" lon="-0.5723616" />
 <node id="2039968661" lat="44.8406020" lon="-0.5731141" />
 <node id="2039968662" lat="44.8409767" lon="-0.5731266" />
 <node id="2039968663" lat="44.8411913" lon="-0.5731402" />
 <node id="2039995179" lat="44.8397225" lon="-0.5719615" />
 <node id="2039995185" lat="44.8398921" lon="-0.5727102" />
 <node id="2039995188" lat="44.8400285" lon="-0.5741080" />
 <node id="2039995190" lat="44.8400471" lon="-0.5735038" />
 <node id="2040048774" lat="44.8381380" lon="-0.5731172" />
 <node id="2040048777" lat="44.8387312" lon="-0.5718804" />
 <node id="2040048778" lat="44.8388323" lon="-0.5720604" />
 <node id="2040048779" lat="44.8388431" lon="-0.5732165" />
 <node id="2040048780" lat="44.8388432" lon="-0.5720677" />
 <node id="2040048781" lat="44.8389383" lon="-0.5732266" />
 <node id="2040048783" lat="44.8390037" lon="-0.5720463" />
 <node id="2040048784" lat="44.8390130" lon="-0.5732250" />
 <node id="2040048786" lat="44.8390181" lon="-0.5720419" />
 <node id="2040048787" lat="44.8390302" lon="-0.5720334" />
 <node id="2040063176" lat="44.8394601" lon="-0.5708175" />
 <node id="2040063178" lat="44.8396073" lon="-0.5712139" />
 <node id="2040063180" lat="44.8396593" lon="-0.5714232" />
 <node id="2040068063" lat="44.8390063" lon="-0.5701761" />
 <node id="2040068069" lat="44.8391871" lon="-0.5706440" />
 <node id="2040068071" lat="44.8393168" lon="-0.5706249" />
 <node id="2040068072" lat="44.8395557" lon="-0.5705423" />
 <node id="2040089448" lat="44.8379271" lon="-0.5737602" />
 <node id="2040089450" lat="44.8379289" lon="-0.5739385" />
 <node id="2040089452" lat="44.8379587" lon="-0.5718858" />
 <node id="2040089455" lat="44.8379578" lon="-0.5731409" />
 <node id="2040089457" lat="44.8379589" lon="-0.5717617" />
 <node id="2040089459" lat="44.8379571" lon="-0.5727920" />
 <node id="2040096568" lat="44.8379553" lon="-0.5712859" />
 <node id="2040096570" lat="44.8380257" lon="-0.5709626" />
 <node id="2040096571" lat="44.8380061" lon="-0.5707755" />
 <node id="2040096572" lat="44.8382781" lon="-0.5708500" />
 <node id="2040096573" lat="44.8382752" lon="-0.5707978" />
 <node id="2040096574" lat="44.8383111" lon="-0.5710646" />
 <node id="2040096575" lat="44.8383469" lon="-0.5707952" />
 <node id="2040125185" lat="44.8383840" lon="-0.5714854" />
 <node id="2040125187" lat="44.8383949" lon="-0.5715624" />
 <node id="2040125189" lat="44.8384044" lon="-0.5716355" />
 <node id="2040125191" lat="44.8384158" lon="-0.5715819" />
 <node id="2040125193" lat="44.8387123" lon="-0.5713535" />
 <node id="2040140331" lat="44.8387503" lon="-0.5698454" />
 <node id="2040140332" lat="44.8388664" lon="-0.5702395" />
 <node id="2040140333" lat="44.8389813" lon="-0.5697907" />
 <node id="2040140334" lat="44.8390062" lon="-0.5698419" />
 <node id="2040140335" lat="44.8390257" lon="-0.5698078" />
 <node id="2040152457" lat="44.8395678" lon="-0.5701321" />
 <node id="2040214148" lat="44.8396438" lon="-0.5690279" />
 <node id="2040214152" lat="44.8396994" lon="-0.5690331" />
 <node id="2040214158" lat="44.8398522" lon="-0.5695527" />
 <node id="2040214162" lat="44.8399082" lon="-0.5695204" />
 <node id="2040214164" lat="44.8399320" lon="-0.5692079" />
 <node id="2040214166" lat="44.8399855" lon="-0.5691677" />
 <node id="2040214168" lat="44.8404313" lon="-0.5694359" />
 <node id="2041741048" lat="44.8398928" lon="-0.5694579" />
 <node id="2041851294" lat="44.8399266" lon="-0.5688779" />
 <node id="2041851298" lat="44.8400287" lon="-0.5690449" />
 <node id="2041851302" lat="44.8402558" lon="-0.5688569" />
 <node id="2041851305" lat="44.8404246" lon="-0.5693148" />
 <node id="2041851306" lat="44.8406956" lon="-0.5694657" />
 <node id="2041851307" lat="44.8407103" lon="-0.5694092" />
 <node id="2041851308" lat="44.8407414" lon="-0.5691555" />
 <node id="2041851310" lat="44.8407753" lon="-0.5690424" />
 <node id="2041851312" lat="44.8409701" lon="-0.5696039" />
 <node id="2041851314" lat="44.8409834" lon="-0.5695444" />
 <node id="2041851316" lat="44.8410388" lon="-0.5692957" />
 <node id="2041851321" lat="44.8410654" lon="-0.5691765" />
 <node id="2041851323" lat="44.8410746" lon="-0.5691352" />
 <node id="2041851324" lat="44.8410202" lon="-0.5696295" />
 <node id="2041851325" lat="44.8410945" lon="-0.5696089" />
 <node id="2041851326" lat="44.8411011" lon="-0.5696933" />
 <node id="2041851327" lat="44.8411039" lon="-0.5696642" />
 <node id="2041872045" lat="44.8398998" lon="-0.5689516" />
 <node id="2041872053" lat="44.8401589" lon="-0.5691391" />
 <node id="2041872065" lat="44.8404567" lon="-0.5693327" />
 <node id="2041872068" lat="44.8406611" lon="-0.5688886" />
 <node id="2041878518" lat="44.8397472" lon="-0.5688310" />
 <node id="2043744690" lat="44.8399889" lon="-0.5703707" />
 <node id="2043767813" lat="44.8399885" lon="-0.5768989" />
 <node id="2043767814" lat="44.8406800" lon="-0.5796508" />
 <node id="2043767815" lat="44.8406991" lon="-0.5789885" />
 <node id="2043767817" lat="44.8407903" lon="-0.5778716" />
 <node id="2043767818" lat="44.8408490" lon="-0.5771901" />
 <node id="2043767819" lat="44.8408729" lon="-0.5778953" />
 <node id="2043767820" lat="44.8409335" lon="-0.5772201" />
 <node id="2043837816" lat="44.8411760" lon="-0.5761683" />
 <node id="2043837818" lat="44.8412207" lon="-0.5761261" />
 <node id="2043837820" lat="44.8412465" lon="-0.5760317" />
 <node id="2043865618" lat="44.8405761" lon="-0.5743632" />
 <node id="2043865621" lat="44.8408745" lon="-0.5746507" />
 <node id="2043865623" lat="44.8409003" lon="-0.5744047" />
 <node id="2043865626" lat="44.8410450" lon="-0.5748587" />
 <node id="2043912702" lat="44.8387739" lon="-0.5764306" />
 <node id="2043956498" lat="44.8397407" lon="-0.5789734" />
 <node id="2043956500" lat="44.8398784" lon="-0.5776525" />
 <node id="2046097223" lat="44.8384537" lon="-0.5790488" />
 <node id="2046097224" lat="44.8384677" lon="-0.5789112" />
 <node id="2046108990" lat="44.8384453" lon="-0.5787343" />
 <node id="2046132197" lat="44.8387202" lon="-0.5757432" />
 <node id="2046132203" lat="44.8400016" lon="-0.5742624" />
 <node id="2046155151" lat="44.8383382" lon="-0.5747495" />
 <node id="2046155153" lat="44.8384637" lon="-0.5744318" />
 <node id="2046155157" lat="44.8385064" lon="-0.5739492" />
 <node id="2046155160" lat="44.8388837" lon="-0.5743353" />
 <node id="2046155163" lat="44.8389212" lon="-0.5743249" />
 <node id="2046155166" lat="44.8389358" lon="-0.5743728" />
 <node id="2046155170" lat="44.8389467" lon="-0.5740218" />
 <node id="2046155173" lat="44.8392687" lon="-0.5750380" />
 <node id="2046155176" lat="44.8395699" lon="-0.5748490" />
 <node id="2046155179" lat="44.8396029" lon="-0.5746292" />
 <node id="2046169804" lat="44.8374686" lon="-0.5761743" />
 <node id="2046169805" lat="44.8375154" lon="-0.5755483" />
 <node id="2046169807" lat="44.8378652" lon="-0.5762203" />
 <node id="2046169808" lat="44.8379148" lon="-0.5749841" />
 <node id="2046169809" lat="44.8379378" lon="-0.5745732" />
 <node id="2046169810" lat="44.8379703" lon="-0.5746717" />
 <node id="2046169811" lat="44.8379915" lon="-0.5763755" />
 <node id="2046169812" lat="44.8380895" lon="-0.5764195" />
 <node id="2046169813" lat="44.8381331" lon="-0.5764474" />
 <node id="2046169814" lat="44.8381343" lon="-0.5746784" />
 <node id="2046169815" lat="44.8381621" lon="-0.5764756" />
 <node id="2046169817" lat="44.8381873" lon="-0.5765183" />
 <node id="2046169818" lat="44.8382162" lon="-0.5763789" />
 <node id="2046169819" lat="44.8382411" lon="-0.5766219" />
 <node id="2046169820" lat="44.8382552" lon="-0.5773343" />
 <node id="2046169821" lat="44.8382577" lon="-0.5766617" />
 <node id="2046169822" lat="44.8382858" lon="-0.5767782" />
 <node id="2046169823" lat="44.8382889" lon="-0.5768318" />
 <node id="2046169824" lat="44.8383004" lon="-0.5756243" />
 <node id="2046190469" lat="44.8371076" lon="-0.5782770" />
 <node id="2046190473" lat="44.8371729" lon="-0.5776181" />
 <node id="2046190475" lat="44.8372083" lon="-0.5772570" />
 <node id="2046190479" lat="44.8372654" lon="-0.5761351" />
 <node id="2046190484" lat="44.8373431" lon="-0.5763369" />
 <node id="2046190488" lat="44.8373824" lon="-0.5760600" />
 <node id="2046190492" lat="44.8377138" lon="-0.5761161" />
 <node id="2046211006" lat="44.8387672" lon="-0.5765317" />
 <node id="2046211009" lat="44.8388306" lon="-0.5771968" />
 <node id="2046211011" lat="44.8388400" lon="-0.5771373" />
 <node id="2046211013" lat="44.8388713" lon="-0.5767243" />
 <node id="2046211015" lat="44.8395003" lon="-0.5772346" />
 <node id="2046211017" lat="44.8395796" lon="-0.5774396" />
 <node id="2046245277" lat="44.8376482" lon="-0.5789187" />
 <node id="2046245293" lat="44.8376916" lon="-0.5788276" />
 <node id="2046250005" lat="44.8379407" lon="-0.5790209" />
 <node id="2046250010" lat="44.8379551" lon="-0.5788799" />
 <node id="2046325852" lat="44.8369089" lon="-0.5794891" />
 <node id="2046325855" lat="44.8369943" lon="-0.5791947" />
 <node id="2046325858" lat="44.8370748" lon="-0.5789853" />
 <node id="2046325864" lat="44.8373212" lon="-0.5790653" />
 <node id="2046325867" lat="44.8373844" lon="-0.5789520" />
 <node id="2046325870" lat="44.8374090" lon="-0.5789572" />
 <node id="2046325873" lat="44.8374231" lon="-0.5789724" />
 <node id="2046325876" lat="44.8374465" lon="-0.5788854" />
 <node id="2046325891" lat="44.8376579" lon="-0.5788207" />
 <node id="2046325894" lat="44.8376621" lon="-0.5791277" />
 <node id="2046357527" lat="44.8370663" lon="-0.5791051" />
 <node id="2046448850" lat="44.8371410" lon="-0.5788119" />
 <node id="2046448852" lat="44.8376818" lon="-0.5789243" />
 <node id="2047703760" lat="44.8376197" lon="-0.5799222" />
 <node id="2047703777" lat="44.8377234" lon="-0.5800839" />
 <node id="2047703783" lat="44.8377594" lon="-0.5800234" />
 <node id="2047703786" lat="44.8377717" lon="-0.5800037" />
 <node id="2047703788" lat="44.8377879" lon="-0.5799906" />
 <node id="2047703792" lat="44.8378182" lon="-0.5799737" />
 <node id="2047703799" lat="44.8378515" lon="-0.5799650" />
 <node id="2047703803" lat="44.8378783" lon="-0.5799847" />
 <node id="2047703805" lat="44.8379010" lon="-0.5800108" />
 <node id="2047703807" lat="44.8379157" lon="-0.5800335" />
 <node id="2047703808" lat="44.8379271" lon="-0.5800587" />
 <node id="2047703824" lat="44.8380823" lon="-0.5800121" />
 <node id="2049678106" lat="44.8368043" lon="-0.5744303" />
 <node id="2049678107" lat="44.8368761" lon="-0.5758401" />
 <node id="2049678108" lat="44.8368994" lon="-0.5743081" />
 <node id="2049678109" lat="44.8369395" lon="-0.5740984" />
 <node id="2049678110" lat="44.8369490" lon="-0.5737628" />
 <node id="2049678111" lat="44.8372066" lon="-0.5761100" />
 <node id="2049678112" lat="44.8373134" lon="-0.5761498" />
 <node id="2049678113" lat="44.8374313" lon="-0.5761643" />
 <node id="2049747232" lat="44.8367009" lon="-0.5706398" />
 <node id="2049749903" lat="44.8368530" lon="-0.5715239" />
 <node id="2049754182" lat="44.8369826" lon="-0.5730812" />
 <node id="2049763446" lat="44.8368839" lon="-0.5726950" />
 <node id="2049763447" lat="44.8369021" lon="-0.5723669" />
 <node id="2049763448" lat="44.8369392" lon="-0.5727828" />
 <node id="2049763449" lat="44.8369406" lon="-0.5725993" />
 <node id="2049763450" lat="44.8369746" lon="-0.5727109" />
 <node id="2049763454" lat="44.8375748" lon="-0.5728258" />
 <node id="2049763455" lat="44.8377082" lon="-0.5728510" />
 <node id="2049763456" lat="44.8379175" lon="-0.5728917" />
 <node id="2049776104" lat="44.8369424" lon="-0.5717392" />
 <node id="2049776105" lat="44.8369478" lon="-0.5717015" />
 <node id="2049776106" lat="44.8369747" lon="-0.5716620" />
 <node id="2049776107" lat="44.8369932" lon="-0.5716582" />
 <node id="2049776108" lat="44.8371743" lon="-0.5716618" />
 <node id="2049776109" lat="44.8371884" lon="-0.5716673" />
 <node id="2049776110" lat="44.8372007" lon="-0.5717549" />
 <node id="2049776111" lat="44.8372082" lon="-0.5717780" />
 <node id="2049776112" lat="44.8372157" lon="-0.5715821" />
 <node id="2049776113" lat="44.8372188" lon="-0.5717867" />
 <node id="2049776114" lat="44.8372529" lon="-0.5717875" />
 <node id="2049776115" lat="44.8372810" lon="-0.5712013" />
 <node id="2049776116" lat="44.8372919" lon="-0.5706684" />
 <node id="2049776120" lat="44.8374027" lon="-0.5705086" />
 <node id="2049776121" lat="44.8374459" lon="-0.5706924" />
 <node id="2049781573" lat="44.8376479" lon="-0.5717862" />
 <node id="2049781576" lat="44.8377878" lon="-0.5718037" />
 <node id="2049803587" lat="44.8377239" lon="-0.5707340" />
 <node id="2049803588" lat="44.8378665" lon="-0.5707548" />
 <node id="2049826998" lat="44.8367457" lon="-0.5694551" />
 <node id="2049826999" lat="44.8368683" lon="-0.5698264" />
 <node id="2049827000" lat="44.8368733" lon="-0.5694983" />
 <node id="2049827001" lat="44.8368782" lon="-0.5695438" />
 <node id="2049827002" lat="44.8370070" lon="-0.5695249" />
 <node id="2049827003" lat="44.8375098" lon="-0.5696530" />
 <node id="2049827005" lat="44.8375191" lon="-0.5697926" />
 <node id="2049827008" lat="44.8375505" lon="-0.5695995" />
 <node id="2049827010" lat="44.8375833" lon="-0.5696652" />
 <node id="2049827012" lat="44.8377992" lon="-0.5697649" />
 <node id="2049933534" lat="44.8370891" lon="-0.5690565" />
 <node id="2049933553" lat="44.8376344" lon="-0.5688166" />
 <node id="2049933555" lat="44.8376488" lon="-0.5690230" />
 <node id="2049933557" lat="44.8376530" lon="-0.5689448" />
 <node id="2066621489" lat="44.8410055" lon="-0.5694452" />
 <node id="2066621490" lat="44.8410146" lon="-0.5694045" />
 <node id="2066621491" lat="44.8410222" lon="-0.5693702" />
 <node id="2066632850" lat="44.8399538" lon="-0.5688126" />
 <node id="2066632855" lat="44.8400772" lon="-0.5689066" />
 <node id="2066632858" lat="44.8400905" lon="-0.5688688" />
 <node id="2066632860" lat="44.8402082" lon="-0.5689955" />
 <node id="2066632862" lat="44.8402207" lon="-0.5689590" />
 <node id="2066632875" lat="44.8403273" lon="-0.5691731" />
 <node id="2066632889" lat="44.8403948" lon="-0.5689569" />
 <node id="2066632891" lat="44.8404321" lon="-0.5688409" />
 <node id="2072626948" lat="44.8372418" lon="-0.5762381" />
 <node id="2072626954" lat="44.8373517" lon="-0.5762807" />
 <node id="2072626958" lat="44.8373573" lon="-0.5762420" />
 <node id="2072626960" lat="44.8379682" lon="-0.5765017" />
 <node id="2072626970" lat="44.8380970" lon="-0.5765595" />
 <node id="2072626972" lat="44.8381103" lon="-0.5765189" />
 <node id="2072626991" lat="44.8381917" lon="-0.5772862" />
 <node id="2072627003" lat="44.8382187" lon="-0.5772911" />
 <node id="2072627035" lat="44.8382593" lon="-0.5778062" />
 <node id="2072627037" lat="44.8382632" lon="-0.5777630" />
 <node id="2072627058" lat="44.8385484" lon="-0.5779299" />
 <node id="2072627060" lat="44.8385615" lon="-0.5779327" />
 <node id="2072627062" lat="44.8385651" lon="-0.5778940" />
 <node id="2072627064" lat="44.8397964" lon="-0.5782116" />
 <node id="2072627067" lat="44.8398007" lon="-0.5781720" />
 <node id="2072627069" lat="44.8407831" lon="-0.5784343" />
 <node id="2072627071" lat="44.8407865" lon="-0.5783940" />
 <node id="2072635970" lat="44.8369825" lon="-0.5790437" />
 <node id="2072635971" lat="44.8370103" lon="-0.5790671" />
 <node id="2072635977" lat="44.8371061" lon="-0.5788333" />
 <node id="2072635980" lat="44.8371035" lon="-0.5786716" />
 <node id="2072635984" lat="44.8371365" lon="-0.5786560" />
 <node id="2072636001" lat="44.8373881" lon="-0.5763475" />
 <node id="2072636005" lat="44.8374023" lon="-0.5761606" />
 <node id="2072636009" lat="44.8374475" lon="-0.5755451" />
 <node id="2072636011" lat="44.8374767" lon="-0.5755465" />
 <node id="2072636013" lat="44.8375758" lon="-0.5737982" />
 <node id="2072636015" lat="44.8376049" lon="-0.5738028" />
 <node id="2072636017" lat="44.8376462" lon="-0.5728394" />
 <node id="2072636025" lat="44.8376752" lon="-0.5728448" />
 <node id="2072636027" lat="44.8377228" lon="-0.5717960" />
 <node id="2072636029" lat="44.8377519" lon="-0.5717995" />
 <node id="2072636031" lat="44.8377958" lon="-0.5707443" />
 <node id="2072636034" lat="44.8378289" lon="-0.5707492" />
 <node id="2072636036" lat="44.8378610" lon="-0.5698684" />
 <node id="2072636038" lat="44.8378896" lon="-0.5698731" />
 <node id="2074378350" lat="44.8373326" lon="-0.5774511" />
 <node id="2074378351" lat="44.8373900" lon="-0.5768468" />
 <node id="2074395127" lat="44.8375537" lon="-0.5737947" />
 <node id="2074395128" lat="44.8375701" lon="-0.5729005" />
 <node id="2074395129" lat="44.8375712" lon="-0.5735537" />
 <node id="2074395130" lat="44.8375997" lon="-0.5729033" />
 <node id="2074395131" lat="44.8376112" lon="-0.5730041" />
 <node id="2074395133" lat="44.8376183" lon="-0.5729050" />
 <node id="2074395134" lat="44.8376271" lon="-0.5738063" />
 <node id="2074395135" lat="44.8376412" lon="-0.5729072" />
 <node id="2074395137" lat="44.8376451" lon="-0.5735633" />
 <node id="2074395138" lat="44.8376704" lon="-0.5729099" />
 <node id="2074395139" lat="44.8376854" lon="-0.5730148" />
 <node id="2074395140" lat="44.8376930" lon="-0.5729120" />
 <node id="2074395141" lat="44.8377040" lon="-0.5729131" />
 <node id="2074427687" lat="44.8378037" lon="-0.5697024" />
 <node id="2074427688" lat="44.8378276" lon="-0.5697051" />
 <node id="2074427689" lat="44.8378502" lon="-0.5697082" />
 <node id="2074427690" lat="44.8378616" lon="-0.5695515" />
 <node id="2074427691" lat="44.8378724" lon="-0.5697113" />
 <node id="2074427692" lat="44.8378883" lon="-0.5688854" />
 <node id="2074427693" lat="44.8379010" lon="-0.5697152" />
 <node id="2074427694" lat="44.8379025" lon="-0.5689871" />
 <node id="2074427696" lat="44.8379096" lon="-0.5688889" />
 <node id="2074427697" lat="44.8379197" lon="-0.5697838" />
 <node id="2074427698" lat="44.8379235" lon="-0.5697183" />
 <node id="2074427699" lat="44.8379318" lon="-0.5688921" />
 <node id="2074427700" lat="44.8379347" lon="-0.5695624" />
 <node id="2074427702" lat="44.8379601" lon="-0.5688962" />
 <node id="2074427705" lat="44.8379753" lon="-0.5689976" />
 <node id="2074427707" lat="44.8379824" lon="-0.5688994" />
 <node id="2074565744" lat="44.8397929" lon="-0.5782427" />
 <node id="2074565747" lat="44.8398790" lon="-0.5782623" />
 <node id="2074565749" lat="44.8402820" lon="-0.5783532" />
 <node id="2074565750" lat="44.8403260" lon="-0.5783631" />
 <node id="2074565752" lat="44.8403292" lon="-0.5783318" />
 <node id="2074565755" lat="44.8403322" lon="-0.5783026" />
 <node id="2074565757" lat="44.8408657" lon="-0.5784235" />
 <node id="2074565759" lat="44.8408670" lon="-0.5784120" />
 <node id="2074565766" lat="44.8408706" lon="-0.5783808" />
 <node id="2074565767" lat="44.8408886" lon="-0.5783972" />
 <node id="2092021314" lat="44.8372875" lon="-0.5711711" />
 <node id="2092030378" lat="44.8397154" lon="-0.5731170" />
 <node id="2092030381" lat="44.8399291" lon="-0.5730489" />
 <node id="2178033908" lat="44.8399372" lon="-0.5693188" />
 <node id="2399803829" lat="44.8385740" lon="-0.5688324" />
 <node id="2399803833" lat="44.8381341" lon="-0.5696143" />
 <node id="2399803838" lat="44.8381152" lon="-0.5698202" />
 <node id="2399803840" lat="44.8381507" lon="-0.5697831" />
 <node id="2399803842" lat="44.8382038" lon="-0.5697273" />
 <node id="2399803844" lat="44.8382816" lon="-0.5696458" />
 <node id="2399803846" lat="44.8383474" lon="-0.5695767" />
 <node id="2399803848" lat="44.8384076" lon="-0.5695619" />
 <node id="2399803850" lat="44.8385230" lon="-0.5689635" />
 <node id="2399803855" lat="44.8386022" lon="-0.5694714" />
 <node id="2399803857" lat="44.8386208" lon="-0.5693759" />
 <node id="2399803859" lat="44.8386377" lon="-0.5692901" />
 <node id="2399803861" lat="44.8386579" lon="-0.5691865" />
 <node id="2399803864" lat="44.8386833" lon="-0.5690573" />
 <node id="2399803866" lat="44.8387120" lon="-0.5689099" />
 <node id="2399803870" lat="44.8384835" lon="-0.5690598" />
 <node id="2399803877" lat="44.8384269" lon="-0.5691629" />
 <node id="2399803880" lat="44.8383566" lon="-0.5692718" />
 <node id="2399803882" lat="44.8382973" lon="-0.5693633" />
 <node id="2399803887" lat="44.8382515" lon="-0.5694336" />
 <node id="2399803891" lat="44.8382158" lon="-0.5694884" />
 <node id="2465172694" lat="44.8384377" lon="-0.5773416" />
 <node id="2485596620" lat="44.8372945" lon="-0.5711441" />
 <node id="2485596621" lat="44.8373461" lon="-0.5710015" />
 <node id="2485596622" lat="44.8373637" lon="-0.5709376" />
 <node id="2485596623" lat="44.8373822" lon="-0.5708393" />
 <node id="2485596624" lat="44.8373954" lon="-0.5707410" />
 <node id="2485601671" lat="44.8367580" lon="-0.5700157" />
 <node id="2486976102" lat="44.8408073" lon="-0.5800437" />
 <node id="2625629205" lat="44.8368340" lon="-0.5790260" />
 <node id="2872818768" lat="44.8383015" lon="-0.5773668" />
 <node id="2872818791" lat="44.8385696" lon="-0.5773629" />
 <node id="2872818794" lat="44.8385948" lon="-0.5774450" />
 <node id="2872818795" lat="44.8386071" lon="-0.5774281" />
 <node id="2872818797" lat="44.8385645" lon="-0.5779011" />
 <node id="2872818799" lat="44.8382681" lon="-0.5773560" />
 <node id="2880515440" lat="44.8368767" lon="-0.5792787" />
 <node id="2880515442" lat="44.8371064" lon="-0.5789977" />
 <node id="2880519286" lat="44.8369526" lon="-0.5793291" />
 <node id="2887142053" lat="44.8369024" lon="-0.5792946" />
 <node id="2887142054" lat="44.8369278" lon="-0.5793119" />
 <node id="2887142055" lat="44.8368842" lon="-0.5792836" />
 <node id="2887142056" lat="44.8370897" lon="-0.5790226" />
 <node id="2887143420" lat="44.8369532" lon="-0.5790232" />
 <node id="2887158188" lat="44.8369653" lon="-0.5790302" />
 <node id="2887158191" lat="44.8369245" lon="-0.5790710" />
 <node id="2887158192" lat="44.8369455" lon="-0.5790809" />
 <node id="3027435129" lat="44.8389901" lon="-0.5702124" />
 <node id="3090507241" lat="44.8381045" lon="-0.5762935" />
 <node id="3090507242" lat="44.8382419" lon="-0.5763045" />
 <node id="3090507243" lat="44.8390334" lon="-0.5720281" />
 <node id="3090507244" lat="44.8393575" lon="-0.5765594" />
 <node id="3090507246" lat="44.8394850" lon="-0.5703465" />
 <node id="3090507247" lat="44.8395529" lon="-0.5703295" />
 <node id="3091502260" lat="44.8390170" lon="-0.5702147" />
 <node id="3650698831" lat="44.8397055" lon="-0.5750939" />
 <node id="3650698832" lat="44.8397324" lon="-0.5750745" />
 <node id="3650698833" lat="44.8397292" lon="-0.5749954" />
 <node id="3650698836" lat="44.8397502" lon="-0.5750051" />
 <node id="3650698838" lat="44.8397646" lon="-0.5749292" />
 <node id="3650698842" lat="44.8397849" lon="-0.5748165" />
 <node id="3650698843" lat="44.8397916" lon="-0.5747744" />
 <node id="3650698845" lat="44.8397982" lon="-0.5747326" />
 <node id="3650698846" lat="44.8398008" lon="-0.5749893" />
 <node id="3650698850" lat="44.8398686" lon="-0.5747610" />
 <node id="3650698853" lat="44.8398603" lon="-0.5747948" />
 <node id="3650698854" lat="44.8398231" lon="-0.5751177" />
 <node id="3650698855" lat="44.8398322" lon="-0.5750717" />
 <node id="3650698858" lat="44.8398667" lon="-0.5751110" />
 <node id="3650698859" lat="44.8398725" lon="-0.5750876" />
 <node id="3650698860" lat="44.8398784" lon="-0.5750651" />
 <node id="3650698861" lat="44.8400282" lon="-0.5748454" />
 <node id="3650698863" lat="44.8398896" lon="-0.5748806" />
 <node id="3650698864" lat="44.8399148" lon="-0.5747335" />
 <node id="3650698865" lat="44.8399315" lon="-0.5748374" />
 <node id="3650698866" lat="44.8399354" lon="-0.5748149" />
 <node id="3650698867" lat="44.8399440" lon="-0.5747633" />
 <node id="3650698868" lat="44.8399616" lon="-0.5751341" />
 <node id="3650698869" lat="44.8399705" lon="-0.5750877" />
 <node id="3650698870" lat="44.8400202" lon="-0.5748942" />
 <node id="3650698871" lat="44.8400242" lon="-0.5748714" />
 <node id="3650698874" lat="44.8400191" lon="-0.5742658" />
 <node id="3650698875" lat="44.8400606" lon="-0.5748316" />
 <node id="3650698878" lat="44.8400679" lon="-0.5751555" />
 <node id="3650698880" lat="44.8400938" lon="-0.5752414" />
 <node id="3650698881" lat="44.8401240" lon="-0.5749270" />
 <node id="3650698882" lat="44.8401142" lon="-0.5752869" />
 <node id="3650698884" lat="44.8401721" lon="-0.5748701" />
 <node id="3650698885" lat="44.8401956" lon="-0.5749539" />
 <node id="3650698887" lat="44.8404234" lon="-0.5750077" />
 <node id="3650698888" lat="44.8404308" lon="-0.5749741" />
 <node id="3650698889" lat="44.8404708" lon="-0.5749512" />
 <node id="3650698890" lat="44.8404722" lon="-0.5750209" />
 <node id="3650698891" lat="44.8404817" lon="-0.5749888" />
 <node id="3650698892" lat="44.8404963" lon="-0.5749215" />
 <node id="3650698893" lat="44.8408025" lon="-0.5750426" />
 <node id="3650698894" lat="44.8408059" lon="-0.5750148" />
 <node id="3650698895" lat="44.8410068" lon="-0.5750009" />
 <node id="3650698896" lat="44.8410311" lon="-0.5750802" />
 <node id="3650698897" lat="44.8410404" lon="-0.5749673" />
 <node id="3650698898" lat="44.8410704" lon="-0.5750461" />
 <node id="3732596036" lat="44.8379487" lon="-0.5789430" />
 <node id="4041920861" lat="44.8395826" lon="-0.5749256" />
 <node id="4041920862" lat="44.8395881" lon="-0.5748895" />
 <node id="4041920863" lat="44.8395943" lon="-0.5748485" />
 <node id="4041920866" lat="44.8397398" lon="-0.5748032" />
 <node id="4041920867" lat="44.8397460" lon="-0.5747586" />
 <node id="4041920868" lat="44.8397871" lon="-0.5749397" />
 <node id="4041920869" lat="44.8398137" lon="-0.5748256" />
 <node id="4041920873" lat="44.8399391" lon="-0.5744845" />
 <node id="4041920874" lat="44.8399882" lon="-0.5751712" />
 <node id="4041920875" lat="44.8399995" lon="-0.5751234" />
 <node id="4041920876" lat="44.8401546" lon="-0.5751218" />
 <node id="4041920879" lat="44.8410345" lon="-0.5750394" />
 <node id="4046433108" lat="44.8367165" lon="-0.5702645" />
 <node id="4046433109" lat="44.8368759" lon="-0.5699836" />
 <node id="4046433110" lat="44.8369693" lon="-0.5702058" />
 <node id="5028869292" lat="44.8389431" lon="-0.5736386" />
 <node id="5405817560" lat="44.8371856" lon="-0.5786915" />
 <node id="5405817561" lat="44.8371589" lon="-0.5787675" />
 <node id="5686094295" lat="44.8406427" lon="-0.5798544" />
 <node id="5745783021" lat="44.8385878" lon="-0.5774222" />
 <node id="5878389429" lat="44.8385868" lon="-0.5690685" />
 <node id="5878389433" lat="44.8380636" lon="-0.5698070" />
 <node id="5878389434" lat="44.8384222" lon="-0.5692503" />
 <node id="5878389435" lat="44.8383406" lon="-0.5694400" />
 <node id="5878389437" lat="44.8402752" lon="-0.5688708" />
 <node id="5878389438" lat="44.8398996" lon="-0.5688568" />
 <node id="5878389439" lat="44.8402034" lon="-0.5690862" />
 <node id="5878389440" lat="44.8396125" lon="-0.5694018" />
 <node id="5878389441" lat="44.8388249" lon="-0.5720446" />
 <node id="5878412801" lat="44.8395858" lon="-0.5726936" />
 <node id="5878412802" lat="44.8394139" lon="-0.5720013" />
 <node id="5905795949" lat="44.8370587" lon="-0.5786732" />
 <node id="5905795950" lat="44.8369877" lon="-0.5787194" />
 <node id="5905795951" lat="44.8371738" lon="-0.5789074" />
 <node id="5905869781" lat="44.8372989" lon="-0.5762984" />
 <node id="5905869782" lat="44.8372350" lon="-0.5762674" />
 <node id="5910001918" lat="44.8374581" lon="-0.5762778" />
 <node id="5910001919" lat="44.8374546" lon="-0.5763177" />
 <node id="5910001920" lat="44.8373168" lon="-0.5763301" />
 <node id="5910001921" lat="44.8374430" lon="-0.5763533" />
 <node id="5910001922" lat="44.8374622" lon="-0.5762400" />
 <node id="5910001924" lat="44.8373648" lon="-0.5763420" />
 <node id="5910026651" lat="44.8384310" lon="-0.5794917" />
 <node id="5910026652" lat="44.8384149" lon="-0.5794293" />
 <node id="5910026655" lat="44.8381430" lon="-0.5764168" />
 <node id="5910026656" lat="44.8381646" lon="-0.5763696" />
 <node id="5910026657" lat="44.8381920" lon="-0.5763300" />
 <node id="5910026658" lat="44.8379598" lon="-0.5765433" />
 <node id="5910026660" lat="44.8379075" lon="-0.5765635" />
 <node id="5910026661" lat="44.8379823" lon="-0.5764258" />
 <node id="5910026662" lat="44.8380029" lon="-0.5763142" />
 <node id="6143205771" lat="44.8395036" lon="-0.5772432" />
 <node id="6339449625" lat="44.8404895" lon="-0.5749588" />
 <node id="6339449637" lat="44.8399758" lon="-0.5745156" />
 <node id="6339449641" lat="44.8404078" lon="-0.5751475" />
 <node id="6339449642" lat="44.8404543" lon="-0.5750161" />
 <node id="6339449644" lat="44.8401149" lon="-0.5748158" />
 <node id="6432686152" lat="44.8410791" lon="-0.5691153" />
 <node id="6432686153" lat="44.8408979" lon="-0.5692320" />
 <node id="6432686154" lat="44.8409114" lon="-0.5691096" />
 <node id="6504174093" lat="44.8372425" lon="-0.5775815" />
 <node id="6504174094" lat="44.8372664" lon="-0.5775866" />
 <node id="6504174095" lat="44.8372946" lon="-0.5775926" />
 <node id="6504174096" lat="44.8373188" lon="-0.5775978" />
 <node id="6504174097" lat="44.8372168" lon="-0.5775760" />
 <node id="6547891091" lat="44.8374547" lon="-0.5787795" />
 <node id="6547891092" lat="44.8371742" lon="-0.5787234" />
 <node id="6547891094" lat="44.8374196" lon="-0.5790430" />
 <node id="6547891095" lat="44.8371408" lon="-0.5789857" />
 <node id="6547891099" lat="44.8371552" lon="-0.5789034" />
 <node id="6547891100" lat="44.8371654" lon="-0.5788499" />
 <node id="6547891101" lat="44.8372057" lon="-0.5787297" />
 <node id="6547891102" lat="44.8372258" lon="-0.5777049" />
 <node id="6547891103" lat="44.8371570" lon="-0.5784180" />
 <node id="6547891104" lat="44.8371305" lon="-0.5785700" />
 <node id="6547891105" lat="44.8371114" lon="-0.5786393" />
 <node id="6547891106" lat="44.8370937" lon="-0.5787737" />
 <node id="6547891107" lat="44.8370984" lon="-0.5788007" />
 <node id="6547891108" lat="44.8371466" lon="-0.5787285" />
 <node id="6547891109" lat="44.8371100" lon="-0.5787352" />
 <node id="6547891111" lat="44.8370862" lon="-0.5786349" />
 <node id="6570158554" lat="44.8372047" lon="-0.5772567" />
 <node id="6570158555" lat="44.8368104" lon="-0.5746009" />
 <node id="6570158556" lat="44.8368788" lon="-0.5743827" />
 <node id="6570158557" lat="44.8384873" lon="-0.5763889" />
 <node id="6570158558" lat="44.8406116" lon="-0.5771098" />
 <node id="6570158560" lat="44.8410169" lon="-0.5772327" />
 <node id="6581886629" lat="44.8383209" lon="-0.5746696" />
 <node id="6581886639" lat="44.8393287" lon="-0.5750498" />
 <node id="6581886640" lat="44.8393945" lon="-0.5749802" />
 <node id="6581886641" lat="44.8393832" lon="-0.5751611" />
 <node id="6581886642" lat="44.8394761" lon="-0.5752323" />
 <node id="6581886643" lat="44.8395008" lon="-0.5752411" />
 <node id="6581886644" lat="44.8395465" lon="-0.5748759" />
 <node id="6581917875" lat="44.8387491" lon="-0.5724166" />
 <node id="6581917876" lat="44.8388142" lon="-0.5724751" />
 <node id="6581917877" lat="44.8390215" lon="-0.5725071" />
 <node id="6581917878" lat="44.8387894" lon="-0.5719922" />
 <node id="6581917880" lat="44.8390662" lon="-0.5712114" />
 <node id="6581917881" lat="44.8391397" lon="-0.5713528" />
 <node id="6581917882" lat="44.8387447" lon="-0.5713759" />
 <node id="6581917883" lat="44.8381811" lon="-0.5707290" />
 <node id="6581919902" lat="44.8372011" lon="-0.5717133" />
 <node id="6581919903" lat="44.8372345" lon="-0.5717871" />
 <node id="6581919904" lat="44.8372039" lon="-0.5716351" />
 <node id="6581919905" lat="44.8371987" lon="-0.5716872" />
 <node id="6975300512" lat="44.8391825" lon="-0.5771878" />
 <node id="7150765165" lat="44.8393407" lon="-0.5752155" />
 <node id="7254773129" lat="44.8385315" lon="-0.5739533" />
 <node id="7254773130" lat="44.8407587" lon="-0.5721312" />
 <node id="7266323273" lat="44.8374839" lon="-0.5768444" />
 <node id="7266323274" lat="44.8373923" lon="-0.5768242" />
 <node id="7266323275" lat="44.8374010" lon="-0.5776153" />
 <node id="7266323276" lat="44.8374560" lon="-0.5771037" />
 <node id="7266323278" lat="44.8375235" lon="-0.5764761" />
 <node id="7266323279" lat="44.8381093" lon="-0.5772713" />
 <node id="7266323281" lat="44.8380853" lon="-0.5765963" />
 <node id="7266323284" lat="44.8381230" lon="-0.5771285" />
 <node id="7804953855" lat="44.8402981" lon="-0.5800009" />
 <node id="7900260490" lat="44.8369397" lon="-0.5728673" />
 <node id="8145636320" lat="44.8385710" lon="-0.5696208" />
 <node id="8319285314" lat="44.8393323" lon="-0.5758458" />
 <node id="8319285315" lat="44.8393101" lon="-0.5758417" />
 <node id="8420574294" lat="44.8406286" lon="-0.5800395" />
 <node id="8480490159" lat="44.8376829" lon="-0.5789134" />
 <node id="8506438181" lat="44.8369453" lon="-0.5790492" />
 <node id="8506438182" lat="44.8373133" lon="-0.5784906" />
 <node id="8506438183" lat="44.8377063" lon="-0.5767779" />
 <node id="8510488004" lat="44.8380078" lon="-0.5783298" />
 <node id="8510488005" lat="44.8380917" lon="-0.5783476" />
 <node id="8510488006" lat="44.8381486" lon="-0.5786720" />
 <node id="8510488007" lat="44.8373212" lon="-0.5784144" />
 <node id="8510572479" lat="44.8377372" lon="-0.5765247" />
 <node id="8517837348" lat="44.8407813" lon="-0.5719997" />
 <node id="8517860441" lat="44.8411476" lon="-0.5688082" />
 <node id="8517860442" lat="44.8411126" lon="-0.5689650" />
 <node id="8654707876" lat="44.8387248" lon="-0.5688435" />
 <node id="9225222883" lat="44.8389976" lon="-0.5728617" />
 <node id="9225222884" lat="44.8389604" lon="-0.5728475" />
 <node id="9225222885" lat="44.8388067" lon="-0.5728280" />
 <node id="9225222886" lat="44.8388087" lon="-0.5727771" />
 <node id="9225222887" lat="44.8386732" lon="-0.5727598" />
 <node id="9225222888" lat="44.8386748" lon="-0.5727029" />
 <node id="9225222889" lat="44.8388023" lon="-0.5728782" />
 <node id="9355438337" lat="44.8378935" lon="-0.5763376" />
 <node id="9416176775" lat="44.8400790" lon="-0.5733812" />
 <node id="9421294799" lat="44.8370802" lon="-0.5690606" />
 <node id="9421294800" lat="44.8370959" lon="-0.5690497" />
 <node id="9421294801" lat="44.8370674" lon="-0.5690619" />
 <node id="9421294802" lat="44.8369793" lon="-0.5690377" />
 <node id="9421294803" lat="44.8370120" lon="-0.5690484" />
 <node id="9503692341" lat="44.8389874" lon="-0.5712190" />
 <node id="9503692342" lat="44.8387691" lon="-0.5713123" />
 <node id="9503692343" lat="44.8385080" lon="-0.5693119" />
 <node id="9503692345" lat="44.8381999" lon="-0.5763903" />
 <node id="9503692346" lat="44.8384185" lon="-0.5763360" />
 <node id="10023827994" lat="44.8372430" lon="-0.5774901" />
 <node id="10023827995" lat="44.8373089" lon="-0.5768289" />
 <node id="10023827996" lat="44.8373171" lon="-0.5768305" />
 <node id="10023827997" lat="44.8373269" lon="-0.5768324" />
 <node id="10023827998" lat="44.8372516" lon="-0.5774918" />
 <node id="10023827999" lat="44.8372610" lon="-0.5774937" />
 <node id="10023828000" lat="44.8379551" lon="-0.5765777" />
 <node id="10023828001" lat="44.8374732" lon="-0.5763755" />
 <node id="10023828002" lat="44.8379339" lon="-0.5765482" />
 <node id="10023828003" lat="44.8379368" lon="-0.5765309" />
 <node id="10023828004" lat="44.8379397" lon="-0.5765139" />
 <node id="10023828005" lat="44.8374763" lon="-0.5763625" />
 <node id="10023828006" lat="44.8374800" lon="-0.5763469" />
 <node id="10023828007" lat="44.8379692" lon="-0.5764028" />
 <node id="10023828008" lat="44.8374835" lon="-0.5762299" />
 <node id="10023828009" lat="44.8374807" lon="-0.5762457" />
 <node id="10023828010" lat="44.8374775" lon="-0.5762632" />
 <node id="10023828011" lat="44.8379661" lon="-0.5764200" />
 <node id="10023828012" lat="44.8379632" lon="-0.5764362" />
 <node id="10023828013" lat="44.8408910" lon="-0.5783753" />
 <node id="10023828016" lat="44.8408899" lon="-0.5783847" />
 <node id="10175492275" lat="44.8396486" lon="-0.5705220" />
 <node id="10829050908" lat="44.8386528" lon="-0.5773854" />
 <node id="11195852717" lat="44.8394880" lon="-0.5749914" />
 <node id="11195852718" lat="44.8395158" lon="-0.5749752" />
 <node id="11427748330" lat="44.8387064" lon="-0.5723714" />
 <node id="11427748334" lat="44.8388374" lon="-0.5725999" />
 <node id="11427748348" lat="44.8387543" lon="-0.5720147" />
 <node id="11427748351" lat="44.8387539" lon="-0.5720175" />
 <node id="11498877700" lat="44.8380977" lon="-0.5789085" />
 <node id="11568441465" lat="44.8367224" lon="-0.5702623" />
 <node id="11623031395" lat="44.8387969" lon="-0.5772310" />
 <node id="11623031396" lat="44.8388499" lon="-0.5766849" />
 <node id="11784658093" lat="44.8375306" lon="-0.5738210" />
 <node id="12031267564" lat="44.8375619" lon="-0.5728233" />
 <node id="12031267565" lat="44.8376308" lon="-0.5717863" />
 <node id="12031267566" lat="44.8377074" lon="-0.5707315" />
 <node id="12031267567" lat="44.8377842" lon="-0.5697580" />
 <node id="12718209695" lat="44.8410314" lon="-0.5800328" />
 <node id="12810315567" lat="44.8391725" lon="-0.5706439" />
 <node id="12851195599" lat="44.8382170" lon="-0.5763101" />
 <node id="13006237139" lat="44.8410184" lon="-0.5761407" />
 <node id="13033546005" lat="44.8400585" lon="-0.5751290" />
 <node id="13033546006" lat="44.8401032" lon="-0.5749471" />
 <node id="13033546007" lat="44.8399216" lon="-0.5748897" />
 <node id="13033546008" lat="44.8398335" lon="-0.5748628" />
 <node id="13125256536" lat="44.8409777" lon="-0.5795078" />
 <node id="13125256537" lat="44.8409646" lon="-0.5797129" />
 <node id="13184669033" lat="44.8410057" lon="-0.5692808" />
 <node id="13914071754" lat="44.8380525" lon="-0.5697395" />
 <node id="13914071758" lat="44.8380946" lon="-0.5696750" />
 <node id="14175145737" lat="44.8380069" lon="-0.5698625" />
 <node id="14175145738" lat="44.8379647" lon="-0.5698807" />
 <way id="5117872000">
  <nd ref="250154538" />
  <nd ref="7804953855" />
  <nd ref="35258578" />
  <tag k="highway" v="living_street" />
  <tag k="name" v="Rue Bouffard" />
 </way>
 <way id="5117877001">
  <nd ref="1320547228" />
  <nd ref="1320721522" />
  <nd ref="2040068072" />
  <nd ref="35258470" />
  <nd ref="2040068071" />
  <nd ref="2040068069" />
  <nd ref="12810315567" />
  <nd ref="35258391" />
  <tag k="highway" v="living_street" />
  <tag k="name" v="Rue des Bahutiers" />
 </way>
 <way id="8508965002">
  <nd ref="2872818795" />
  <nd ref="2072627062" />
  <nd ref="2872818797" />
  <tag k="highway" v="living_street" />
  <tag k="name" v="Rue des Trois Conils" />
 </way>
 <way id="8508966003">
  <nd ref="930721146" />
  <nd ref="250572758" />
  <tag k="highway" v="residential" />
  <tag k="name" v="Rue Porte Basse" />
 </way>
 <way id="8508967004">
  <nd ref="8319285315" />
  <nd ref="35258395" />
  <nd ref="2046132197" />
  <nd ref="35258595" />
  <tag k="highway" v="living_street" />
  <tag k="name" v="Rue de Cheverus" />
 </way>
 <way id="8509015005">
  <nd ref="35258473" />
  <nd ref="2039995188" />
  <nd ref="930660361" />
  <nd ref="2039995190" />
  <nd ref="563238036" />
  <nd ref="35258475" />
  <tag k="highway" v="pedestrian" />
  <tag k="name" v="Rue du Cancera" />
 </way>
 <way id="8509017006">
  <nd ref="35258441" />
  <nd ref="558789972" />
  <nd ref="2040048774" />
  <nd ref="930660360" />
  <nd ref="930660359" />
  <nd ref="2040048779" />
  <nd ref="2040048781" />
  <nd ref="35258394" />
  <nd ref="2040048784" />
  <nd ref="35258480" />
  <nd ref="279154942" />
  <nd ref="2092030378" />
  <nd ref="2092030381" />
  <nd ref="35258477" />
  <tag k="highway" v="pedestrian" />
  <tag k="name" v="Rue Arnaud Miqueu" />
 </way>
 <way id="8509022007">
  <nd ref="35258392" />
  <nd ref="6581917880" />
  <nd ref="9503692341" />
  <nd ref="602509607" />
  <nd ref="9503692342" />
  <nd ref="35258483" />
  <nd ref="2040125193" />
  <nd ref="2040125191" />
  <nd ref="35258485" />
  <tag k="highway" v="service" />
  <tag k="name" v="Rue des Trois Chandeliers" />
 </way>
 <way id="8509026008">
  <nd ref="35258397" />
  <nd ref="6570158557" />
  <nd ref="9503692346" />
  <nd ref="250574525" />
  <tag k="highway" v="pedestrian" />
  <tag k="name" v="Rue Père Louis de Jabrun" />
 </way>
 <way id="8509030009">
  <nd ref="2872818797" />
  <nd ref="563985761" />
  <nd ref="35258505" />
  <nd ref="2074565755" />
  <nd ref="35258559" />
  <nd ref="2074565757" />
  <tag k="highway" v="pedestrian" />
  <tag k="name" v="Rue Vital Carles" />
 </way>
 <way id="8509033010">
  <nd ref="2872818795" />
  <nd ref="1920123004" />
  <nd ref="251540719" />
  <nd ref="35258493" />
  <tag k="highway" v="living_street" />
  <tag k="name" v="Rue Beaubadat" />
 </way>
 <way id="8509035011">
  <nd ref="35258493" />
  <nd ref="2072627067" />
  <nd ref="35258505" />
  <nd ref="2072627064" />
  <nd ref="2074565744" />
  <nd ref="35258492" />
  <tag k="highway" v="living_street" />
  <tag k="name" v="Rue Poquelin Molière" />
 </way>
 <way id="8509044012">
  <nd ref="1320642114" />
  <nd ref="1320642130" />
  <tag k="highway" v="living_street" />
  <tag k="name" v="Place du Palais" />
 </way>
 <way id="8509046013">
  <nd ref="35258513" />
  <nd ref="833394147" />
  <nd ref="268627223" />
  <nd ref="2040140335" />
  <nd ref="35258511" />
  <tag k="highway" v="living_street" />
  <tag k="name" v="Rue des Argentiers" />
 </way>
 <way id="8509052014">
  <nd ref="35258515" />
  <nd ref="2040214158" />
  <nd ref="35258551" />
  <nd ref="930680961" />
  <nd ref="2040152457" />
  <nd ref="35258513" />
  <tag k="highway" v="living_street" />
  <tag k="name" v="Rue de la Cour des Aides" />
 </way>
 <way id="8509065015">
  <nd ref="1320547228" />
  <nd ref="1320547240" />
  <nd ref="10175492275" />
  <nd ref="1320547248" />
  <nd ref="1320547232" />
  <nd ref="1320547231" />
  <tag k="highway" v="living_street" />
  <tag k="name" v="Place Saint-Pierre" />
 </way>
 <way id="8509085016">
  <nd ref="35258561" />
  <nd ref="1960653939" />
  <nd ref="35258403" />
  <tag k="highway" v="pedestrian" />
  <tag k="name" v="Rue des Remparts" />
 </way>
 <way id="8509115017">
  <nd ref="35258601" />
  <nd ref="2046169810" />
  <nd ref="2046169814" />
  <nd ref="930653368" />
  <nd ref="6581886629" />
  <nd ref="35258599" />
  <tag k="highway" v="living_street" />
  <tag k="name" v="Rue Guérin" />
 </way>
 <way id="8509116018">
  <nd ref="35258599" />
  <nd ref="2046155151" />
  <nd ref="2046169824" />
  <nd ref="35258595" />
  <tag k="highway" v="living_street" />
  <tag k="name" v="Rue Tustal" />
 </way>
 <way id="8509119019">
  <nd ref="35258490" />
  <nd ref="534389889" />
  <tag k="highway" v="living_street" />
  <tag k="name" v="Rue Père Louis de Jabrun" />
 </way>
 <way id="8509135020">
  <nd ref="35258543" />
  <nd ref="566720789" />
  <nd ref="1316454822" />
  <nd ref="35258626" />
  <nd ref="2039872504" />
  <nd ref="35258628" />
  <tag k="highway" v="pedestrian" />
  <tag k="name" v="Rue de Mérignac" />
 </way>
 <way id="8509145021">
  <nd ref="35258475" />
  <nd ref="9416176775" />
  <nd ref="35258535" />
  <tag k="highway" v="pedestrian" />
  <tag k="name" v="Rue des Piliers de Tutelle" />
 </way>
 <way id="8509151022">
  <nd ref="35258645" />
  <nd ref="2039968661" />
  <nd ref="2039968662" />
  <nd ref="2039968663" />
  <nd ref="35258647" />
  <tag k="highway" v="pedestrian" />
  <tag k="name" v="Rue Métivier" />
 </way>
 <way id="8509152023">
  <nd ref="35258652" />
  <nd ref="2039915769" />
  <nd ref="1320554400" />
  <tag k="highway" v="pedestrian" />
  <tag k="name" v="Rue des Lauriers" />
 </way>
 <way id="8509164024">
  <nd ref="8420574294" />
  <nd ref="5686094295" />
  <nd ref="35258561" />
  <tag k="highway" v="pedestrian" />
  <tag k="name" v="Rue Porte Dijeaux" />
 </way>
 <way id="23032140025">
  <nd ref="229941443" />
  <nd ref="281018749" />
  <nd ref="2041851326" />
  <nd ref="2041851327" />
  <nd ref="1322984730" />
  <nd ref="2041851325" />
  <nd ref="1322967776" />
  <tag k="highway" v="living_street" />
  <tag k="name" v="Place de la Bourse" />
 </way>
 <way id="23139673026">
  <nd ref="2049776114" />
  <nd ref="281066441" />
  <nd ref="12031267565" />
  <nd ref="2049781573" />
  <nd ref="35250808" />
  <tag k="highway" v="living_street" />
  <tag k="name" v="Rue du Pas Saint-Georges" />
 </way>
 <way id="23154217027">
  <nd ref="35258652" />
  <nd ref="35258669" />
  <nd ref="35258647" />
  <nd ref="1960654093" />
  <nd ref="35258640" />
  <tag k="highway" v="living_street" />
  <tag k="name" v="Rue Saint-Rémi" />
 </way>
 <way id="23160100028">
  <nd ref="2049826998" />
  <nd ref="2049827000" />
  <nd ref="291573917" />
  <nd ref="2049827002" />
  <nd ref="2049827003" />
  <nd ref="250287929" />
  <tag k="highway" v="living_street" />
  <tag k="name" v="Rue Neuve" />
 </way>
 <way id="23160103029">
  <nd ref="250287929" />
  <nd ref="2049827005" />
  <nd ref="930710069" />
  <nd ref="2049776120" />
  <nd ref="250349130" />
  <nd ref="2485596624" />
  <nd ref="2485596623" />
  <nd ref="2485596622" />
  <nd ref="2485596621" />
  <nd ref="2485596620" />
  <nd ref="2092021314" />
  <nd ref="2049776115" />
  <nd ref="2049776112" />
  <nd ref="6581919904" />
  <nd ref="2049776109" />
  <tag k="highway" v="living_street" />
  <tag k="name" v="Rue Sainte-Colombe" />
 </way>
 <way id="23161117030">
  <nd ref="933492621" />
  <nd ref="6570158554" />
  <nd ref="2046190475" />
  <nd ref="250311888" />
  <tag k="highway" v="living_street" />
  <tag k="name" v="Rue des Palanques" />
 </way>
 <way id="23162707031">
  <nd ref="35258412" />
  <nd ref="35258501" />
  <tag k="highway" v="living_street" />
  <tag k="name" v="Rue Castillon" />
 </way>
 <way id="23162778032">
  <nd ref="2872818768" />
  <nd ref="5745783021" />
  <nd ref="2872818795" />
  <tag k="highway" v="living_street" />
  <tag k="name" v="Place Jean Moulin" />
 </way>
 <way id="23162826033">
  <nd ref="35258483" />
  <nd ref="6581917882" />
  <nd ref="602509600" />
  <nd ref="1320612451" />
  <nd ref="2040048777" />
  <nd ref="35258482" />
  <tag k="highway" v="service" />
  <tag k="name" v="Rue Millanges" />
 </way>
 <way id="23162842034">
  <nd ref="35258442" />
  <nd ref="2049763456" />
  <nd ref="2049763455" />
  <nd ref="2072636025" />
  <nd ref="2072636017" />
  <nd ref="250347735" />
  <tag k="highway" v="living_street" />
  <tag k="name" v="Rue Ravez" />
 </way>
 <way id="23174679035">
  <nd ref="1841026035" />
  <nd ref="2046325873" />
  <nd ref="2046325870" />
  <nd ref="2046325867" />
  <nd ref="5905795951" />
  <nd ref="6547891099" />
  <tag k="highway" v="living_street" />
  <tag k="name" v="Place Rohan" />
 </way>
 <way id="23174686036">
  <nd ref="1841026020" />
  <nd ref="2072635977" />
  <nd ref="6547891107" />
  <nd ref="6547891106" />
  <nd ref="250287751" />
  <tag k="highway" v="living_street" />
  <tag k="name" v="Place Rohan" />
 </way>
 <way id="23174694037">
  <nd ref="933486882" />
  <nd ref="2046108990" />
  <nd ref="250574736" />
  <tag k="highway" v="pedestrian" />
  <tag k="name" v="Rue Créon" />
 </way>
 <way id="23174701038">
  <nd ref="9355438337" />
  <nd ref="2046169811" />
  <nd ref="2046169812" />
  <nd ref="2046169813" />
  <nd ref="2046169815" />
  <tag k="highway" v="living_street" />
  <tag k="name" v="Place Pey Berland" />
 </way>
 <way id="23247041039">
  <nd ref="933486870" />
  <nd ref="13125256537" />
  <nd ref="933486869" />
  <nd ref="251540524" />
  <tag k="highway" v="living_street" />
  <tag k="name" v="Rue de la Vieille Tour" />
 </way>
 <way id="23247063040">
  <nd ref="251540719" />
  <nd ref="35258493" />
  <nd ref="279157456" />
  <nd ref="2046211017" />
  <nd ref="251540719" />
  <tag k="highway" v="pedestrian" />
  <tag k="name" v="Place Saint-Christoly" />
 </way>
 <way id="23379634041">
  <nd ref="35258426" />
  <nd ref="2049678106" />
  <tag k="highway" v="living_street" />
  <tag k="name" v="Rue Paul Bert" />
 </way>
 <way id="23510317042">
  <nd ref="35258500" />
  <nd ref="930653364" />
  <nd ref="6339449641" />
  <nd ref="290954481" />
  <nd ref="35258501" />
  <tag k="highway" v="living_street" />
  <tag k="name" v="Rue Margaux" />
 </way>
 <way id="23510383043">
  <nd ref="35258444" />
  <nd ref="2040089452" />
  <nd ref="255272979" />
  <nd ref="2040089459" />
  <nd ref="35258442" />
  <nd ref="35258441" />
  <nd ref="2040089455" />
  <nd ref="930653433" />
  <nd ref="2040089448" />
  <nd ref="35258439" />
  <nd ref="2040089450" />
  <nd ref="2046169809" />
  <nd ref="35258601" />
  <nd ref="35258437" />
  <nd ref="2046169808" />
  <nd ref="35258436" />
  <nd ref="2046190492" />
  <nd ref="250575223" />
  <tag k="highway" v="living_street" />
  <tag k="name" v="Rue du Loup" />
 </way>
 <way id="23517249044">
  <nd ref="35258606" />
  <nd ref="2046155179" />
  <nd ref="2046155176" />
  <nd ref="255273303" />
  <nd ref="6581886643" />
  <nd ref="255273304" />
  <nd ref="476340170" />
  <nd ref="1960654028" />
  <nd ref="35258604" />
  <tag k="highway" v="pedestrian" />
  <tag k="name" v="Rue Guiraude" />
 </way>
 <way id="23571276045">
  <nd ref="251542437" />
  <nd ref="527358627" />
  <tag k="highway" v="footway" />
  <tag k="name" v="Rue du Vieux Marché" />
 </way>
 <way id="23571286046">
  <nd ref="35258478" />
  <nd ref="255272297" />
  <nd ref="631988111" />
  <nd ref="6581917881" />
  <nd ref="255272298" />
  <tag k="highway" v="pedestrian" />
  <tag k="name" v="Rue Vinet" />
 </way>
 <way id="23571334047">
  <nd ref="255272979" />
  <nd ref="563231093" />
  <nd ref="255272986" />
  <nd ref="255272987" />
  <tag k="highway" v="pedestrian" />
  <tag k="name" v="Rue du Serpolet" />
 </way>
 <way id="23571347048">
  <nd ref="255273050" />
  <nd ref="615044573" />
  <nd ref="255273051" />
  <nd ref="3091502260" />
  <nd ref="2040068063" />
  <tag k="highway" v="living_street" />
  <tag k="name" v="Rue de la Tour de Gassies" />
 </way>
 <way id="23571349049">
  <nd ref="1320597809" />
  <nd ref="255272298" />
  <nd ref="35258392" />
  <nd ref="35258391" />
  <tag k="highway" v="residential" />
  <tag k="name" v="Rue Maucoudinat" />
 </way>
 <way id="23571377050">
  <nd ref="2872818795" />
  <nd ref="563985732" />
  <nd ref="35258397" />
  <tag k="highway" v="pedestrian" />
  <tag k="name" v="Rue des Trois Conils" />
 </way>
 <way id="23571393051">
  <nd ref="35258608" />
  <nd ref="2046155173" />
  <nd ref="255273314" />
  <tag k="highway" v="pedestrian" />
  <tag k="name" v="Rue Dudon" />
 </way>
 <way id="23571394052">
  <nd ref="35258609" />
  <nd ref="2046155166" />
  <nd ref="255273315" />
  <tag k="highway" v="pedestrian" />
  <tag k="name" v="Impasse Saint-Projet" />
 </way>
 <way id="23597054053">
  <nd ref="1320554420" />
  <nd ref="281935423" />
  <nd ref="35258463" />
  <nd ref="266198929" />
  <nd ref="1322967781" />
  <tag k="highway" v="living_street" />
  <tag k="name" v="Rue Fernand Philippart" />
 </way>
 <way id="24262843054">
  <nd ref="250344358" />
  <nd ref="2072627058" />
  <nd ref="933393718" />
  <nd ref="933400932" />
  <nd ref="933376298" />
  <nd ref="933378582" />
  <nd ref="933396447" />
  <nd ref="933363404" />
  <nd ref="933367172" />
  <nd ref="933370818" />
  <nd ref="933372839" />
  <nd ref="933387282" />
  <nd ref="933400995" />
  <nd ref="262688701" />
  <nd ref="2072627035" />
  <nd ref="2072627037" />
  <nd ref="2872818768" />
  <nd ref="250346774" />
  <nd ref="2465172694" />
  <nd ref="2872818791" />
  <nd ref="5745783021" />
  <nd ref="2872818794" />
  <nd ref="250344358" />
  <tag k="highway" v="pedestrian" />
  <tag k="name" v="Place Jean Moulin" />
 </way>
 <way id="24483325055">
  <nd ref="35258551" />
  <nd ref="483680605" />
  <nd ref="266199214" />
  <nd ref="833394140" />
  <nd ref="2019458287" />
  <nd ref="266199198" />
  <nd ref="35258633" />
  <nd ref="2039872507" />
  <nd ref="35258630" />
  <nd ref="2039872513" />
  <nd ref="266198929" />
  <tag k="highway" v="living_street" />
  <tag k="name" v="Rue Leupold" />
 </way>
 <way id="24483623056">
  <nd ref="35258515" />
  <nd ref="2040214162" />
  <nd ref="281020301" />
  <nd ref="2040214168" />
  <nd ref="2041872065" />
  <nd ref="281018751" />
  <tag k="highway" v="living_street" />
  <tag k="name" v="Rue Émile Duployé" />
 </way>
 <way id="24515880057">
  <nd ref="1841026032" />
  <nd ref="2046190488" />
  <nd ref="250572758" />
  <tag k="highway" v="tertiary" />
  <tag k="name" v="Cours d'Alsace et Lorraine" />
 </way>
 <way id="24714711058">
  <nd ref="268627220" />
  <nd ref="5878389440" />
  <nd ref="268627223" />
  <tag k="highway" v="service" />
  <tag k="name" v="Rue de la Vache" />
 </way>
 <way id="24714712059">
  <nd ref="268627225" />
  <nd ref="268627227" />
  <tag k="highway" v="service" />
  <tag k="name" v="Rue de la Coquille" />
 </way>
 <way id="25612012060">
  <nd ref="279154942" />
  <nd ref="5878412801" />
  <nd ref="930680958" />
  <nd ref="930680956" />
  <nd ref="279154940" />
  <nd ref="279154939" />
  <tag k="highway" v="pedestrian" />
  <tag k="name" v="Rue du Mulet" />
 </way>
 <way id="25658957061">
  <nd ref="569663529" />
  <nd ref="602509597" />
  <tag k="highway" v="pedestrian" />
  <tag k="name" v="Rue Saint-James" />
 </way>
 <way id="25752475062">
  <nd ref="255273229" />
  <nd ref="483680628" />
  <nd ref="5028869292" />
  <nd ref="569663427" />
  <nd ref="35258394" />
  <tag k="highway" v="pedestrian" />
  <tag k="name" v="Rue de la Merci" />
 </way>
 <way id="25766458063">
  <nd ref="258075188" />
  <nd ref="2041851298" />
  <nd ref="2040214166" />
  <nd ref="35258521" />
  <tag k="highway" v="residential" />
  <tag k="name" v="Rue de la Cour des Aides" />
 </way>
 <way id="25766484064">
  <nd ref="1320554409" />
  <nd ref="35258645" />
  <nd ref="566718968" />
  <nd ref="35258538" />
  <tag k="highway" v="pedestrian" />
  <tag k="name" v="Rue du Parlement Sainte-Catherine" />
 </way>
 <way id="25766493065">
  <nd ref="35258630" />
  <nd ref="2039872511" />
  <nd ref="2039872505" />
  <nd ref="35258628" />
  <nd ref="2039872509" />
  <nd ref="2039915766" />
  <nd ref="930653402" />
  <nd ref="35258463" />
  <tag k="highway" v="pedestrian" />
  <tag k="name" v="Rue du Puits Descujols" />
 </way>
 <way id="25766553066">
  <nd ref="35258513" />
  <nd ref="281062495" />
  <nd ref="930653351" />
  <nd ref="1320721521" />
  <nd ref="1320547228" />
  <tag k="highway" v="living_street" />
  <tag k="name" v="Rue des Argentiers" />
 </way>
 <way id="25766808067">
  <nd ref="1320642111" />
  <nd ref="5878389433" />
  <nd ref="1960653908" />
  <tag k="highway" v="living_street" />
  <tag k="name" v="Place du Palais" />
 </way>
 <way id="25767069068">
  <nd ref="35258447" />
  <nd ref="602509606" />
  <nd ref="2040096570" />
  <nd ref="35258446" />
  <nd ref="2040096568" />
  <nd ref="930653363" />
  <nd ref="2040089457" />
  <nd ref="35258444" />
  <tag k="highway" v="residential" />
  <tag k="name" v="Rue du Cerf Volant" />
 </way>
 <way id="25767276069">
  <nd ref="258075188" />
  <nd ref="2066632855" />
  <nd ref="2066632858" />
  <tag k="highway" v="tertiary_link" />
 </way>
 <way id="25769501070">
  <nd ref="930811002" />
  <nd ref="930817908" />
  <nd ref="930825183" />
  <nd ref="930815122" />
  <nd ref="930817830" />
  <nd ref="930812591" />
  <nd ref="930828646" />
  <nd ref="930817947" />
  <nd ref="930823979" />
  <nd ref="930816058" />
  <nd ref="930818422" />
  <nd ref="930824966" />
  <nd ref="281062226" />
  <nd ref="930821145" />
  <nd ref="930824575" />
  <nd ref="930811243" />
  <nd ref="930819785" />
  <nd ref="930812940" />
  <nd ref="930814657" />
  <nd ref="930815425" />
  <nd ref="2040140332" />
  <nd ref="930811002" />
  <tag k="highway" v="pedestrian" />
  <tag k="name" v="Place des Basques" />
 </way>
 <way id="25769510071">
  <nd ref="2040140332" />
  <nd ref="3027435129" />
  <tag k="highway" v="footway" />
 </way>
 <way id="25769597072">
  <nd ref="281062492" />
  <nd ref="281062494" />
  <nd ref="281935608" />
  <tag k="highway" v="footway" />
  <tag k="name" v="Passage de la Tour de Gassies" />
 </way>
 <way id="25769924073">
  <nd ref="250287929" />
  <nd ref="2049827008" />
  <nd ref="933788592" />
  <nd ref="2049933555" />
  <nd ref="2049933557" />
  <nd ref="250287893" />
  <nd ref="2049933553" />
  <tag k="highway" v="living_street" />
  <tag k="name" v="Rue de la Rousselle" />
 </way>
 <way id="25769926074">
  <nd ref="292902761" />
  <nd ref="9421294800" />
  <nd ref="2049933534" />
  <nd ref="9421294799" />
  <nd ref="9421294801" />
  <nd ref="281066302" />
  <nd ref="9421294803" />
  <nd ref="9421294802" />
  <nd ref="281066303" />
  <tag k="highway" v="pedestrian" />
  <tag k="name" v="Impasse Fauré" />
 </way>
 <way id="25769936075">
  <nd ref="281066346" />
  <nd ref="281066441" />
  <tag k="highway" v="living_street" />
  <tag k="name" v="Rue des Herbes" />
 </way>
 <way id="25769982076">
  <nd ref="281066646" />
  <nd ref="1928934502" />
  <tag k="highway" v="service" />
  <tag k="name" v="Impasse Poitevine" />
 </way>
 <way id="25834976077">
  <nd ref="450242450" />
  <nd ref="2043837820" />
  <tag k="highway" v="living_street" />
  <tag k="name" v="Rue Guillaume Brochon" />
 </way>
 <way id="25847818078">
  <nd ref="281935423" />
  <nd ref="2039915763" />
  <nd ref="2039915760" />
  <nd ref="281935546" />
  <tag k="highway" v="pedestrian" />
  <tag k="name" v="Rue des Petits Capérans" />
 </way>
 <way id="25847862079">
  <nd ref="281935963" />
  <nd ref="861126619" />
  <nd ref="2040140331" />
  <nd ref="930653436" />
  <nd ref="281062226" />
  <tag k="highway" v="pedestrian" />
  <tag k="name" v="Passage des Argentiers" />
 </way>
 <way id="25847879080">
  <nd ref="1320642130" />
  <nd ref="1320642123" />
  <nd ref="6581917883" />
  <nd ref="35258447" />
  <tag k="highway" v="living_street" />
  <tag k="name" v="Rue du Palais de l'Ombrière" />
 </way>
 <way id="25847919081">
  <nd ref="281936216" />
  <nd ref="930653377" />
  <nd ref="281936369" />
  <tag k="highway" v="service" />
  <tag k="name" v="Impasse du Pas Saint-Georges" />
 </way>
 <way id="25847941082">
  <nd ref="2040096573" />
  <nd ref="2040096572" />
  <nd ref="2040096574" />
  <nd ref="2040125185" />
  <nd ref="2040125187" />
  <nd ref="35258485" />
  <nd ref="2040125189" />
  <nd ref="35258454" />
  <tag k="highway" v="service" />
  <tag k="name" v="Rue Corcelles" />
 </way>
 <way id="25848026083">
  <nd ref="35258456" />
  <nd ref="2039995179" />
  <nd ref="930653390" />
  <nd ref="2040063180" />
  <nd ref="35258478" />
  <nd ref="2040063178" />
  <nd ref="930653407" />
  <nd ref="2040063176" />
  <nd ref="558787517" />
  <nd ref="35258470" />
  <tag k="highway" v="pedestrian" />
  <tag k="name" v="Rue du Cancera" />
 </way>
 <way id="25848029084">
  <nd ref="35258533" />
  <nd ref="930660362" />
  <nd ref="566718979" />
  <nd ref="35258535" />
  <tag k="highway" v="living_street" />
  <tag k="name" v="Rue de la Devise" />
 </way>
 <way id="25848034085">
  <nd ref="35258537" />
  <nd ref="930660364" />
  <nd ref="566718975" />
  <nd ref="35258538" />
  <tag k="highway" v="pedestrian" />
  <tag k="name" v="Rue du Parlement Sainte-Catherine" />
 </way>
 <way id="25848041086">
  <nd ref="35258473" />
  <nd ref="2046132203" />
  <nd ref="281938256" />
  <tag k="highway" v="pedestrian" />
  <tag k="name" v="Impasse Sainte-Catherine" />
 </way>
 <way id="25848066087">
  <nd ref="281938441" />
  <nd ref="2043865626" />
  <nd ref="281938554" />
  <nd ref="2043865621" />
  <nd ref="2043865623" />
  <nd ref="281938555" />
  <tag k="highway" v="pedestrian" />
  <tag k="name" v="Rue des Alaudettes" />
 </way>
 <way id="25848205088">
  <nd ref="35258394" />
  <nd ref="568252925" />
  <nd ref="9225222883" />
  <nd ref="1320597790" />
  <tag k="highway" v="pedestrian" />
  <tag k="name" v="Rue Saint-Siméon" />
 </way>
 <way id="25861865089">
  <nd ref="281935608" />
  <nd ref="3090507246" />
  <tag k="highway" v="footway" />
  <tag k="name" v="Passage de la Tour de Gassies" />
 </way>
 <way id="26433937090">
  <nd ref="310586705" />
  <nd ref="2049678111" />
  <nd ref="2046190479" />
  <nd ref="2049678112" />
  <nd ref="1841026032" />
  <tag k="highway" v="tertiary" />
  <tag k="name" v="Rue Duffour-Dubergier" />
 </way>
 <way id="26433985091">
  <nd ref="289653556" />
  <nd ref="2049754182" />
  <nd ref="930710066" />
  <nd ref="289653590" />
  <tag k="highway" v="service" />
  <tag k="name" v="Impasse Maucouyade" />
 </way>
 <way id="26433990092">
  <nd ref="289653592" />
  <nd ref="2049763447" />
  <nd ref="289653697" />
  <tag k="highway" v="service" />
  <tag k="name" v="Impasse Saint-Paul" />
 </way>
 <way id="26543938093">
  <nd ref="602509601" />
  <nd ref="2049749903" />
  <nd ref="602509597" />
  <tag k="highway" v="living_street" />
  <tag k="name" v="Rue Bouquière" />
 </way>
 <way id="26545770094">
  <nd ref="35258609" />
  <nd ref="2046155160" />
  <tag k="highway" v="pedestrian" />
  <tag k="name" v="Place Saint-Projet" />
 </way>
 <way id="26545942095">
  <nd ref="290954481" />
  <nd ref="290954493" />
  <nd ref="930653405" />
  <tag k="highway" v="service" />
  <tag k="name" v="Impasse Margaux" />
 </way>
 <way id="26546052096">
  <nd ref="35258599" />
  <nd ref="1323770178" />
  <nd ref="35258598" />
  <nd ref="2046155153" />
  <nd ref="254609681" />
  <tag k="highway" v="living_street" />
  <tag k="name" v="Rue Tustal" />
 </way>
 <way id="26585679097">
  <nd ref="2066632891" />
  <nd ref="673776350" />
  <nd ref="2041851310" />
  <nd ref="6432686154" />
  <nd ref="2041851321" />
  <nd ref="281027751" />
  <tag k="highway" v="secondary" />
  <tag k="name" v="Quai de la Douane" />
 </way>
 <way id="26587474098">
  <nd ref="291573917" />
  <nd ref="2049827001" />
  <nd ref="602509604" />
  <nd ref="2049826999" />
  <nd ref="291573937" />
  <tag k="highway" v="service" />
  <tag k="name" v="Impasse de la Rue Neuve" />
 </way>
 <way id="26587493099">
  <nd ref="2049827012" />
  <nd ref="12031267567" />
  <nd ref="2049827010" />
  <nd ref="250287929" />
  <tag k="highway" v="living_street" />
  <tag k="name" v="Rue de la Chapelle Saint-Jean" />
 </way>
 <way id="26598526100">
  <nd ref="5878389438" />
  <nd ref="2041851294" />
  <nd ref="258075188" />
  <tag k="highway" v="tertiary" />
  <tag k="name" v="Quai Richelieu" />
 </way>
 <way id="26598783101">
  <nd ref="2046190469" />
  <nd ref="1841026023" />
  <tag k="highway" v="living_street" />
  <tag k="name" v="Rue Cabirol" />
 </way>
 <way id="26616546102">
  <nd ref="1841026020" />
  <nd ref="2046325858" />
  <nd ref="933508111" />
  <tag k="highway" v="living_street" />
  <tag k="name" v="Rue des Frères Bonie" />
 </way>
 <way id="28282178103">
  <nd ref="310586705" />
  <nd ref="2049678107" />
  <nd ref="310586736" />
  <tag k="highway" v="service" />
  <tag k="name" v="Impasse Dufour-Dubergier" />
 </way>
 <way id="38217990104">
  <nd ref="450242450" />
  <nd ref="933379793" />
  <nd ref="933421953" />
  <nd ref="933366659" />
  <nd ref="933409304" />
  <nd ref="933392097" />
  <nd ref="13006237139" />
  <nd ref="933381311" />
  <nd ref="933416318" />
  <nd ref="933397652" />
  <nd ref="933389814" />
  <nd ref="933421830" />
  <nd ref="933398640" />
  <nd ref="933395790" />
  <nd ref="933373986" />
  <nd ref="933378888" />
  <nd ref="933369771" />
  <tag k="highway" v="pedestrian" />
  <tag k="name" v="Place Puy Paulin" />
 </way>
 <way id="40163660105">
  <nd ref="35258525" />
  <nd ref="2041878518" />
  <tag k="highway" v="residential" />
  <tag k="name" v="Rue du Quai Bourgeois" />
 </way>
 <way id="40163668106">
  <nd ref="2040214148" />
  <nd ref="35258525" />
  <tag k="highway" v="residential" />
  <tag k="name" v="Rue du Quai Bourgeois" />
 </way>
 <way id="40163669107">
  <nd ref="1320597790" />
  <nd ref="6581917877" />
  <nd ref="1320597808" />
  <tag k="highway" v="footway" />
  <tag k="name" v="Place Camille Jullian" />
 </way>
 <way id="40163670108">
  <nd ref="483680622" />
  <nd ref="483680623" />
  <nd ref="483680625" />
  <nd ref="483680626" />
  <nd ref="483680628" />
  <tag k="highway" v="pedestrian" />
  <tag k="name" v="Impasse de la Merci" />
 </way>
 <way id="40163671109">
  <nd ref="1320554407" />
  <nd ref="1320554415" />
  <nd ref="1320554398" />
  <nd ref="1320554506" />
  <nd ref="1320554418" />
  <nd ref="1320554420" />
  <tag k="highway" v="living_street" />
  <tag k="name" v="Place du Parlement" />
 </way>
 <way id="42278573110">
  <nd ref="527358627" />
  <nd ref="527358626" />
  <tag k="highway" v="footway" />
  <tag k="name" v="Rue du Vieux Marché" />
 </way>
 <way id="42733169111">
  <nd ref="534389889" />
  <nd ref="3090507244" />
  <tag k="highway" v="service" />
 </way>
 <way id="44322104112">
  <nd ref="1320597805" />
  <nd ref="563184544" />
  <nd ref="5878389441" />
  <nd ref="2040048778" />
  <nd ref="2040048780" />
  <tag k="highway" v="service" />
 </way>
 <way id="44375691113">
  <nd ref="250575223" />
  <nd ref="563985754" />
  <nd ref="2046169807" />
  <nd ref="563985755" />
  <tag k="highway" v="service" />
 </way>
 <way id="44375692114">
  <nd ref="563985755" />
  <nd ref="3090507241" />
  <tag k="highway" v="service" />
 </way>
 <way id="44376655115">
  <nd ref="1320547231" />
  <nd ref="563999597" />
  <nd ref="1320547242" />
  <tag k="highway" v="pedestrian" />
  <tag k="name" v="Place Saint-Pierre" />
 </way>
 <way id="44647249116">
  <nd ref="35258503" />
  <nd ref="2043865618" />
  <nd ref="930653374" />
  <nd ref="3650698889" />
  <tag k="highway" v="pedestrian" />
  <tag k="name" v="Rue Margaux" />
 </way>
 <way id="44647281117">
  <nd ref="1320548177" />
  <nd ref="566720798" />
  <tag k="highway" v="pedestrian" />
  <tag k="name" v="Impasse Saint-Pierre" />
 </way>
 <way id="44978157118">
  <nd ref="35258691" />
  <nd ref="570217012" />
  <tag k="highway" v="living_street" />
  <tag k="name" v="Rue Louis Combes" />
 </way>
 <way id="46350407119">
  <nd ref="35258493" />
  <nd ref="279157456" />
  <nd ref="35258496" />
  <nd ref="35258490" />
  <nd ref="35258498" />
  <nd ref="35258501" />
  <tag k="highway" v="living_street" />
  <tag k="name" v="Rue Poquelin Molière" />
 </way>
 <way id="50161566120">
  <nd ref="1156665063" />
  <nd ref="637673912" />
  <nd ref="637673914" />
  <nd ref="2887158191" />
  <nd ref="637673922" />
  <nd ref="2887158192" />
  <nd ref="2887142055" />
  <tag k="highway" v="pedestrian" />
  <tag k="name" v="Parvis des Droits de l'Homme" />
 </way>
 <way id="61129729121">
  <nd ref="35258444" />
  <nd ref="281936216" />
  <nd ref="35258454" />
  <nd ref="35258482" />
  <nd ref="1320597805" />
  <nd ref="1320597809" />
  <tag k="highway" v="residential" />
  <tag k="name" v="Rue du Pas Saint-Georges" />
 </way>
 <way id="61129732122">
  <nd ref="2043767814" />
  <nd ref="35258563" />
  <nd ref="2072627069" />
  <nd ref="35258559" />
  <nd ref="2072627071" />
  <nd ref="35258684" />
  <nd ref="35258688" />
  <nd ref="35258412" />
  <nd ref="1920123009" />
  <nd ref="35258691" />
  <nd ref="930653400" />
  <nd ref="3650698898" />
  <nd ref="281938441" />
  <nd ref="35258637" />
  <tag k="highway" v="pedestrian" />
  <tag k="name" v="Rue Porte Dijeaux" />
 </way>
 <way id="61789105123">
  <nd ref="268627225" />
  <nd ref="268627220" />
  <nd ref="1960654038" />
  <nd ref="35258515" />
  <tag k="highway" v="living_street" />
  <tag k="name" v="Rue du Chai des Farines" />
 </way>
 <way id="61789106124">
  <nd ref="268627227" />
  <nd ref="281935963" />
  <nd ref="1320642114" />
  <tag k="highway" v="living_street" />
  <tag k="name" v="Rue des Argentiers" />
 </way>
 <way id="61789107125">
  <nd ref="35258637" />
  <nd ref="281938555" />
  <nd ref="35258503" />
  <nd ref="35258537" />
  <tag k="highway" v="pedestrian" />
  <tag k="name" v="Rue Sainte-Catherine" />
 </way>
 <way id="61789108126">
  <nd ref="35258537" />
  <nd ref="35258533" />
  <nd ref="35258473" />
  <nd ref="35258606" />
  <nd ref="2046155170" />
  <nd ref="255273229" />
  <tag k="highway" v="pedestrian" />
  <tag k="name" v="Rue Sainte-Catherine" />
 </way>
 <way id="69684339127">
  <nd ref="833394141" />
  <nd ref="3090507247" />
  <nd ref="281062495" />
  <tag k="highway" v="footway" />
  <tag k="name" v="Passage de la Tour de Gassies" />
 </way>
 <way id="71327158128">
  <nd ref="310586736" />
  <nd ref="848813440" />
  <tag k="highway" v="steps" />
  <tag k="name" v="Impasse Dufour-Dubergier" />
 </way>
 <way id="79739719129">
  <nd ref="930653400" />
  <nd ref="933350694" />
  <nd ref="930653398" />
  <nd ref="930653371" />
  <tag k="highway" v="pedestrian" />
  <tag k="name" v="Passage Bordefranque" />
 </way>
 <way id="79989585130">
  <nd ref="35258563" />
  <nd ref="2043767815" />
  <nd ref="35258564" />
  <nd ref="933486853" />
  <nd ref="2043956498" />
  <nd ref="35258492" />
  <nd ref="933486851" />
  <nd ref="1960653946" />
  <nd ref="933486882" />
  <tag k="highway" v="pedestrian" />
  <tag k="name" v="Rue de Ruat" />
 </way>
 <way id="91457161131">
  <nd ref="930653371" />
  <nd ref="930653343" />
  <tag k="highway" v="steps" />
  <tag k="name" v="Passage Bordefranque" />
 </way>
 <way id="91457162132">
  <nd ref="930653343" />
  <nd ref="930653424" />
  <nd ref="930653379" />
  <nd ref="933350672" />
  <nd ref="930653364" />
  <tag k="highway" v="pedestrian" />
  <tag k="name" v="Passage Bordefranque" />
 </way>
 <way id="116864421133">
  <nd ref="35258541" />
  <nd ref="566720794" />
  <nd ref="1316454828" />
  <nd ref="35258624" />
  <nd ref="281935546" />
  <nd ref="35258463" />
  <nd ref="2039872515" />
  <nd ref="930801346" />
  <tag k="highway" v="pedestrian" />
  <tag k="name" v="Rue des Capérans" />
 </way>
 <way id="117236815134">
  <nd ref="1320547242" />
  <nd ref="1320547247" />
  <nd ref="35258635" />
  <nd ref="1960654072" />
  <nd ref="35258633" />
  <tag k="highway" v="pedestrian" />
  <tag k="name" v="Rue des Faussets" />
 </way>
 <way id="117236816135">
  <nd ref="1320547231" />
  <nd ref="1320547227" />
  <nd ref="930653347" />
  <nd ref="2039915734" />
  <nd ref="930653429" />
  <nd ref="2039915737" />
  <nd ref="2039915740" />
  <nd ref="2039915749" />
  <nd ref="35258457" />
  <tag k="highway" v="living_street" />
  <tag k="name" v="Rue de la Devise" />
 </way>
 <way id="117236819136">
  <nd ref="1320547242" />
  <nd ref="1320547244" />
  <nd ref="35258543" />
  <nd ref="35258541" />
  <nd ref="563999562" />
  <nd ref="1320554415" />
  <tag k="highway" v="pedestrian" />
  <tag k="name" v="Rue du Parlement Saint-Pierre" />
 </way>
 <way id="117237389137">
  <nd ref="1320547242" />
  <nd ref="1320548178" />
  <nd ref="1320548177" />
  <tag k="highway" v="pedestrian" />
  <tag k="name" v="Place Saint-Pierre" />
 </way>
 <way id="117239570138">
  <nd ref="1320642111" />
  <nd ref="5878389434" />
  <nd ref="1320642103" />
  <tag k="highway" v="living_street" />
  <tag k="name" v="Place du Palais" />
 </way>
 <way id="117239571139">
  <nd ref="933788594" />
  <nd ref="2072636038" />
  <nd ref="2072636036" />
  <nd ref="291574777" />
  <tag k="highway" v="living_street" />
  <tag k="name" v="Cours d'Alsace et Lorraine" />
 </way>
 <way id="117425513140">
  <nd ref="13184669033" />
  <nd ref="6432686153" />
  <nd ref="2041851308" />
  <nd ref="673776349" />
  <nd ref="2066632889" />
  <nd ref="5878389437" />
  <nd ref="2041851302" />
  <tag k="highway" v="secondary" />
  <tag k="name" v="Quai de la Douane" />
 </way>
 <way id="165332325141">
  <nd ref="6581919903" />
  <nd ref="569663355" />
  <nd ref="251542437" />
  <tag k="highway" v="footway" />
  <tag k="name" v="Place Fernand Lafargue" />
 </way>
 <way id="172024104142">
  <nd ref="2041872068" />
  <nd ref="1829749774" />
  <tag k="highway" v="footway" />
 </way>
 <way id="173081909143">
  <nd ref="637673914" />
  <nd ref="2002303920" />
  <nd ref="2625629205" />
  <tag k="highway" v="steps" />
 </way>
 <way id="173081910144">
  <nd ref="637673912" />
  <nd ref="1839062882" />
  <nd ref="1839062880" />
  <tag k="highway" v="steps" />
 </way>
 <way id="173258575145">
  <nd ref="282085053" />
  <nd ref="2046169818" />
  <nd ref="9503692345" />
  <nd ref="2046169815" />
  <tag k="highway" v="service" />
 </way>
 <way id="174197383146">
  <nd ref="602509597" />
  <nd ref="1952259356" />
  <nd ref="602509598" />
  <tag k="highway" v="living_street" />
  <tag k="name" v="Place Fernand Lafargue" />
 </way>
 <way id="174197384147">
  <nd ref="251542438" />
  <nd ref="2049776104" />
  <nd ref="2049776105" />
  <nd ref="602509598" />
  <tag k="highway" v="living_street" />
  <tag k="name" v="Place Fernand Lafargue" />
 </way>
 <way id="174197385148">
  <nd ref="933748547" />
  <nd ref="933747100" />
  <nd ref="933748185" />
  <nd ref="933748551" />
  <nd ref="933747982" />
  <nd ref="933748215" />
  <nd ref="933746784" />
  <nd ref="933748180" />
  <nd ref="933748467" />
  <nd ref="933746086" />
  <nd ref="933747334" />
  <nd ref="602509597" />
  <nd ref="933747549" />
  <nd ref="933747096" />
  <nd ref="933747218" />
  <nd ref="933749560" />
  <nd ref="933748468" />
  <nd ref="2049776112" />
  <nd ref="933748612" />
  <nd ref="933749300" />
  <nd ref="2049776114" />
  <nd ref="933746221" />
  <nd ref="933747056" />
  <nd ref="251542437" />
  <nd ref="933747372" />
  <nd ref="933747918" />
  <nd ref="933747807" />
  <nd ref="933747151" />
  <nd ref="933746888" />
  <nd ref="933749581" />
  <nd ref="251542438" />
  <nd ref="933748547" />
  <tag k="highway" v="pedestrian" />
  <tag k="name" v="Place Fernand Lafargue" />
 </way>
 <way id="180362507149">
  <nd ref="2047703808" />
  <nd ref="2047703807" />
  <nd ref="2047703805" />
  <nd ref="2047703803" />
  <nd ref="2047703799" />
  <nd ref="2047703792" />
  <nd ref="2047703788" />
  <nd ref="2047703786" />
  <nd ref="2047703783" />
  <nd ref="2047703777" />
  <tag k="highway" v="footway" />
 </way>
 <way id="181601006150">
  <nd ref="35258496" />
  <nd ref="2043767813" />
  <nd ref="6570158558" />
  <tag k="highway" v="living_street" />
  <tag k="name" v="Rue de Grassi" />
 </way>
 <way id="181601007151">
  <nd ref="2043767819" />
  <nd ref="35258684" />
  <nd ref="2043767817" />
  <nd ref="933486877" />
  <nd ref="2043956500" />
  <nd ref="35258493" />
  <tag k="highway" v="living_street" />
  <tag k="name" v="Rue du Temple" />
 </way>
 <way id="182069791152">
  <nd ref="250347735" />
  <nd ref="35250808" />
  <tag k="highway" v="tertiary" />
  <tag k="name" v="Cours d'Alsace et Lorraine" />
 </way>
 <way id="182069793153">
  <nd ref="250572758" />
  <nd ref="11784658093" />
  <nd ref="250575095" />
  <tag k="highway" v="tertiary" />
  <tag k="name" v="Cours d'Alsace et Lorraine" />
 </way>
 <way id="182069795154">
  <nd ref="35250808" />
  <nd ref="250349131" />
  <nd ref="291574777" />
  <nd ref="250287930" />
  <nd ref="2074427688" />
  <nd ref="2074427692" />
  <tag k="highway" v="tertiary" />
  <tag k="name" v="Cours d'Alsace et Lorraine" />
 </way>
 <way id="182069806155">
  <nd ref="250347735" />
  <nd ref="2049763454" />
  <nd ref="12031267564" />
  <nd ref="281066346" />
  <nd ref="527358626" />
  <nd ref="2049763450" />
  <nd ref="35258429" />
  <nd ref="2049763446" />
  <tag k="highway" v="living_street" />
  <tag k="name" v="Rue Ravez" />
 </way>
 <way id="182069808156">
  <nd ref="35258457" />
  <nd ref="2039915752" />
  <nd ref="2039915757" />
  <nd ref="930764445" />
  <nd ref="566718984" />
  <nd ref="35258535" />
  <tag k="highway" v="living_street" />
  <tag k="name" v="Rue de la Devise" />
 </way>
 <way id="182069809157">
  <nd ref="35258535" />
  <nd ref="35258538" />
  <nd ref="35258640" />
  <tag k="highway" v="living_street" />
  <tag k="name" v="Rue des Piliers de Tutelle" />
 </way>
 <way id="182069811158">
  <nd ref="35250808" />
  <nd ref="2072636027" />
  <nd ref="2072636029" />
  <nd ref="2049781576" />
  <nd ref="35258444" />
  <tag k="highway" v="residential" />
  <tag k="name" v="Rue du Pas Saint-Georges" />
 </way>
 <way id="182069813159">
  <nd ref="35258457" />
  <nd ref="1320554407" />
  <tag k="highway" v="living_street" />
  <tag k="name" v="Rue du Pas Saint-Georges" />
 </way>
 <way id="182531551160">
  <nd ref="1928934502" />
  <nd ref="1928934501" />
  <tag k="highway" v="service" />
  <tag k="name" v="Impasse Poitevine" />
 </way>
 <way id="182531552161">
  <nd ref="1928934501" />
  <nd ref="930710033" />
  <nd ref="281066677" />
  <tag k="highway" v="service" />
  <tag k="name" v="Impasse Poitevine" />
 </way>
 <way id="182973401162">
  <nd ref="255273303" />
  <nd ref="4041920862" />
  <nd ref="3650698846" />
  <tag k="highway" v="pedestrian" />
  <tag k="name" v="Promenade Sainte-Catherine" />
 </way>
 <way id="185464356163">
  <nd ref="1841026035" />
  <nd ref="2046325876" />
  <nd ref="6547891091" />
  <tag k="highway" v="service" />
 </way>
 <way id="185464390164">
  <nd ref="1841026035" />
  <nd ref="1960653874" />
  <nd ref="1960653883" />
  <nd ref="2046245277" />
  <nd ref="2046325891" />
  <tag k="highway" v="service" />
  <tag k="name" v="Place Rohan" />
 </way>
 <way id="185749281165">
  <nd ref="1320642130" />
  <nd ref="1320642116" />
  <nd ref="5878389435" />
  <nd ref="1320642111" />
  <tag k="highway" v="living_street" />
  <tag k="name" v="Place du Palais" />
 </way>
 <way id="193452467166">
  <nd ref="1322967776" />
  <nd ref="2041851314" />
  <nd ref="2041851307" />
  <nd ref="483680612" />
  <nd ref="281018751" />
  <tag k="highway" v="living_street" />
  <tag k="name" v="Quai de la Douane" />
 </way>
 <way id="193452468167">
  <nd ref="281018751" />
  <nd ref="2066632875" />
  <nd ref="5878389439" />
  <nd ref="2019473174" />
  <nd ref="258075188" />
  <tag k="highway" v="living_street" />
  <tag k="name" v="Quai de la Douane" />
 </way>
 <way id="193458279168">
  <nd ref="2039786141" />
  <nd ref="1829749774" />
  <tag k="highway" v="cycleway" />
 </way>
 <way id="193471662169">
  <nd ref="1320554415" />
  <nd ref="1320554399" />
  <nd ref="1320554401" />
  <nd ref="1320554409" />
  <tag k="highway" v="footway" />
 </way>
 <way id="193477668170">
  <nd ref="35258637" />
  <nd ref="1960654083" />
  <nd ref="35258640" />
  <tag k="highway" v="pedestrian" />
  <tag k="name" v="Rue Saint-Rémi" />
 </way>
 <way id="193481750171">
  <nd ref="35258456" />
  <nd ref="930680946" />
  <nd ref="2039995185" />
  <nd ref="35258477" />
  <nd ref="35258475" />
  <tag k="highway" v="pedestrian" />
  <tag k="name" v="Rue du Cancera" />
 </way>
 <way id="193487891172">
  <nd ref="1320597790" />
  <nd ref="930815770" />
  <nd ref="930811437" />
  <nd ref="930817227" />
  <nd ref="11427748334" />
  <nd ref="930827148" />
  <nd ref="930817124" />
  <nd ref="930810566" />
  <nd ref="930814680" />
  <nd ref="255272987" />
  <nd ref="930820152" />
  <nd ref="11427748330" />
  <nd ref="930824513" />
  <nd ref="11427748351" />
  <nd ref="11427748348" />
  <nd ref="930825672" />
  <nd ref="6581917878" />
  <nd ref="563184544" />
  <nd ref="563184552" />
  <nd ref="3090507243" />
  <nd ref="1320597808" />
  <nd ref="930818497" />
  <nd ref="930821443" />
  <nd ref="930814661" />
  <nd ref="930825247" />
  <nd ref="930819452" />
  <nd ref="930818722" />
  <nd ref="930827120" />
  <nd ref="930821106" />
  <nd ref="930818947" />
  <nd ref="930817696" />
  <nd ref="930818081" />
  <nd ref="930812866" />
  <nd ref="930818640" />
  <nd ref="930810444" />
  <nd ref="930814514" />
  <nd ref="930821651" />
  <nd ref="930828599" />
  <nd ref="930827587" />
  <nd ref="930818013" />
  <nd ref="930822659" />
  <nd ref="930815220" />
  <nd ref="1320597790" />
  <tag k="highway" v="pedestrian" />
  <tag k="name" v="Place Camille Jullian" />
 </way>
 <way id="193492320173">
  <nd ref="250575095" />
  <nd ref="570217010" />
  <nd ref="35258427" />
  <tag k="highway" v="pedestrian" />
  <tag k="name" v="Rue Sainte-Catherine" />
 </way>
 <way id="193492321174">
  <nd ref="35258439" />
  <nd ref="2074395134" />
  <nd ref="2072636015" />
  <nd ref="2072636013" />
  <nd ref="2074395127" />
  <nd ref="250575095" />
  <tag k="highway" v="pedestrian" />
  <tag k="name" v="Rue Sainte-Catherine" />
 </way>
 <way id="193496157175">
  <nd ref="930815161" />
  <nd ref="8654707876" />
  <nd ref="2399803866" />
  <nd ref="2399803864" />
  <nd ref="930814914" />
  <nd ref="2399803861" />
  <nd ref="930811905" />
  <nd ref="2399803859" />
  <nd ref="930826376" />
  <nd ref="2399803857" />
  <nd ref="930812325" />
  <nd ref="2399803855" />
  <nd ref="930812282" />
  <nd ref="1320642114" />
  <nd ref="930822824" />
  <nd ref="8145636320" />
  <nd ref="930819549" />
  <nd ref="930829108" />
  <nd ref="1320642123" />
  <nd ref="930826120" />
  <nd ref="2399803848" />
  <nd ref="930811570" />
  <nd ref="2399803846" />
  <nd ref="930815179" />
  <nd ref="2399803844" />
  <nd ref="930821358" />
  <nd ref="2399803842" />
  <nd ref="930829623" />
  <nd ref="2399803840" />
  <nd ref="930811869" />
  <nd ref="2399803838" />
  <nd ref="930822807" />
  <nd ref="930824811" />
  <nd ref="1960653908" />
  <nd ref="930816187" />
  <nd ref="13914071754" />
  <nd ref="930817976" />
  <nd ref="13914071758" />
  <nd ref="930815111" />
  <nd ref="2399803833" />
  <nd ref="930822679" />
  <nd ref="930829175" />
  <nd ref="2399803891" />
  <nd ref="930829475" />
  <nd ref="2399803887" />
  <nd ref="930827042" />
  <nd ref="2399803882" />
  <nd ref="930826730" />
  <nd ref="2399803880" />
  <nd ref="930811567" />
  <nd ref="2399803877" />
  <nd ref="930825182" />
  <nd ref="2399803870" />
  <nd ref="930822926" />
  <nd ref="2399803850" />
  <nd ref="930811341" />
  <nd ref="2399803829" />
  <tag k="highway" v="pedestrian" />
  <tag k="name" v="Place du Palais" />
 </way>
 <way id="193499163176">
  <nd ref="861126600" />
  <nd ref="281062492" />
  <tag k="highway" v="footway" />
  <tag k="name" v="Passage de la Tour de Gassies" />
 </way>
 <way id="193649607177">
  <nd ref="1320597809" />
  <nd ref="558788656" />
  <nd ref="5878412802" />
  <nd ref="279154939" />
  <nd ref="35258456" />
  <nd ref="35258457" />
  <tag k="highway" v="living_street" />
  <tag k="name" v="Rue du Pas Saint-Georges" />
 </way>
 <way id="193869314178">
  <nd ref="1320547246" />
  <nd ref="10175492275" />
  <nd ref="930812057" />
  <nd ref="930815377" />
  <nd ref="930811519" />
  <nd ref="930829544" />
  <nd ref="930817283" />
  <nd ref="1320547227" />
  <nd ref="930827616" />
  <nd ref="930814654" />
  <nd ref="930815119" />
  <nd ref="1320547244" />
  <nd ref="930811895" />
  <nd ref="1320547247" />
  <nd ref="930820720" />
  <nd ref="930826996" />
  <nd ref="930828581" />
  <nd ref="930810555" />
  <nd ref="930815891" />
  <nd ref="930821685" />
  <nd ref="930823795" />
  <nd ref="930824063" />
  <nd ref="930827748" />
  <nd ref="1320548177" />
  <nd ref="2039915746" />
  <nd ref="930822222" />
  <nd ref="930823644" />
  <nd ref="2043744690" />
  <nd ref="930827472" />
  <nd ref="930822088" />
  <nd ref="930815858" />
  <nd ref="930828583" />
  <nd ref="930818523" />
  <nd ref="930827838" />
  <nd ref="930810655" />
  <nd ref="930829752" />
  <nd ref="930813531" />
  <nd ref="930818752" />
  <nd ref="930827305" />
  <nd ref="930829270" />
  <nd ref="930811490" />
  <nd ref="930821473" />
  <nd ref="930824467" />
  <nd ref="930818274" />
  <nd ref="930811639" />
  <nd ref="930812803" />
  <nd ref="930818974" />
  <nd ref="930822788" />
  <nd ref="930823504" />
  <nd ref="930827544" />
  <nd ref="930822786" />
  <nd ref="930820312" />
  <nd ref="930812935" />
  <nd ref="930823105" />
  <nd ref="930829106" />
  <nd ref="930821004" />
  <nd ref="930813338" />
  <nd ref="930817033" />
  <nd ref="930823407" />
  <nd ref="930822742" />
  <nd ref="930823864" />
  <nd ref="930810494" />
  <nd ref="930823840" />
  <nd ref="930818017" />
  <nd ref="930813438" />
  <nd ref="930817563" />
  <nd ref="930813282" />
  <nd ref="930823090" />
  <nd ref="930814606" />
  <nd ref="930817838" />
  <nd ref="930814547" />
  <nd ref="930826775" />
  <nd ref="930815169" />
  <nd ref="930829666" />
  <nd ref="930820661" />
  <nd ref="930822573" />
  <nd ref="930812353" />
  <nd ref="930821263" />
  <nd ref="930815531" />
  <nd ref="930822641" />
  <nd ref="1320547246" />
  <tag k="highway" v="pedestrian" />
  <tag k="name" v="Place Saint-Pierre" />
 </way>
 <way id="193878336179">
  <nd ref="2043837816" />
  <nd ref="2043837818" />
  <nd ref="2043837820" />
  <tag k="highway" v="living_street" />
  <tag k="name" v="Place Puy Paulin" />
 </way>
 <way id="193882608180">
  <nd ref="35258595" />
  <nd ref="35258436" />
  <nd ref="2046169805" />
  <nd ref="2072636011" />
  <nd ref="2072636009" />
  <nd ref="250572758" />
  <tag k="highway" v="living_street" />
  <tag k="name" v="Rue de Cheverus" />
 </way>
 <way id="194101765181">
  <nd ref="35258397" />
  <nd ref="35258395" />
  <tag k="highway" v="pedestrian" />
  <tag k="name" v="Rue des Trois Conils" />
 </way>
 <way id="194104561182">
  <nd ref="255273303" />
  <nd ref="6581886643" />
  <nd ref="255273304" />
  <nd ref="933383547" />
  <nd ref="7150765165" />
  <nd ref="933389796" />
  <nd ref="933421331" />
  <nd ref="255273314" />
  <nd ref="933386130" />
  <nd ref="933396392" />
  <nd ref="933390569" />
  <nd ref="933369908" />
  <nd ref="933371345" />
  <nd ref="933382201" />
  <nd ref="933389128" />
  <nd ref="933408508" />
  <nd ref="2046155176" />
  <nd ref="255273303" />
  <tag k="highway" v="pedestrian" />
  <tag k="name" v="Place Jacques Lemoîne" />
 </way>
 <way id="194104562183">
  <nd ref="2046155157" />
  <nd ref="933383306" />
  <nd ref="933419041" />
  <nd ref="933388008" />
  <nd ref="933423137" />
  <nd ref="933393528" />
  <nd ref="933372246" />
  <nd ref="933394742" />
  <nd ref="933394768" />
  <nd ref="933373454" />
  <nd ref="933388333" />
  <nd ref="254609681" />
  <nd ref="933398116" />
  <nd ref="933391646" />
  <nd ref="933384367" />
  <nd ref="933370394" />
  <nd ref="933416862" />
  <nd ref="933373541" />
  <nd ref="2046155160" />
  <nd ref="933395290" />
  <nd ref="2046155163" />
  <nd ref="933368290" />
  <nd ref="2046155170" />
  <nd ref="255273229" />
  <nd ref="7254773129" />
  <nd ref="2046155157" />
  <tag k="highway" v="pedestrian" />
  <tag k="name" v="Place Saint-Projet" />
 </way>
 <way id="194106281184">
  <nd ref="2046169815" />
  <nd ref="2046169817" />
  <nd ref="250574776" />
  <nd ref="2046169819" />
  <nd ref="2046169821" />
  <nd ref="250574775" />
  <nd ref="2046169822" />
  <nd ref="2046169823" />
  <nd ref="250574774" />
  <nd ref="250574773" />
  <nd ref="930721152" />
  <nd ref="2046169820" />
  <nd ref="2872818799" />
  <nd ref="2872818768" />
  <tag k="highway" v="living_street" />
  <tag k="name" v="Place Pey Berland" />
 </way>
 <way id="194109704185">
  <nd ref="35258397" />
  <nd ref="2046211006" />
  <tag k="highway" v="footway" />
 </way>
 <way id="194109705186">
  <nd ref="933379441" />
  <nd ref="10829050908" />
  <tag k="highway" v="footway" />
 </way>
 <way id="194109706187">
  <nd ref="933414750" />
  <nd ref="2046211017" />
  <tag k="highway" v="footway" />
 </way>
 <way id="194109707188">
  <nd ref="11623031396" />
  <nd ref="2046211013" />
  <nd ref="2046211011" />
  <nd ref="6975300512" />
  <nd ref="2046211015" />
  <nd ref="6143205771" />
  <tag k="highway" v="footway" />
 </way>
 <way id="194111194189">
  <nd ref="2046211011" />
  <nd ref="2046211009" />
  <nd ref="11623031395" />
  <tag k="highway" v="footway" />
 </way>
 <way id="194113760190">
  <nd ref="2046250005" />
  <nd ref="3732596036" />
  <tag k="highway" v="footway" />
 </way>
 <way id="194113761191">
  <nd ref="1608629367" />
  <nd ref="2046250005" />
  <tag k="highway" v="footway" />
 </way>
 <way id="194113762192">
  <nd ref="3732596036" />
  <nd ref="1960653897" />
  <nd ref="2046250010" />
  <tag k="highway" v="footway" />
 </way>
 <way id="194116451193">
  <nd ref="933375083" />
  <nd ref="933409894" />
  <nd ref="2046325894" />
  <nd ref="2046448852" />
  <nd ref="8480490159" />
  <nd ref="933397013" />
  <nd ref="2046245293" />
  <nd ref="2046325891" />
  <nd ref="6547891091" />
  <nd ref="6547891101" />
  <nd ref="6547891092" />
  <nd ref="5405817561" />
  <nd ref="2046448850" />
  <nd ref="1841026020" />
  <nd ref="2880515442" />
  <nd ref="933381211" />
  <nd ref="933364101" />
  <nd ref="933375766" />
  <nd ref="2046325864" />
  <nd ref="933365282" />
  <nd ref="267160540" />
  <nd ref="933375083" />
  <tag k="highway" v="pedestrian" />
  <tag k="name" v="Place Rohan" />
 </way>
 <way id="194250090194">
  <nd ref="2047703824" />
  <nd ref="2047703799" />
  <nd ref="2047703760" />
  <tag k="highway" v="footway" />
 </way>
 <way id="194471713195">
  <nd ref="602509598" />
  <nd ref="2049776106" />
  <nd ref="2049776107" />
  <nd ref="2049776108" />
  <nd ref="2049776109" />
  <nd ref="6581919905" />
  <nd ref="6581919902" />
  <nd ref="2049776110" />
  <nd ref="2049776111" />
  <nd ref="2049776113" />
  <nd ref="6581919903" />
  <nd ref="2049776114" />
  <tag k="highway" v="living_street" />
  <tag k="name" v="Place Fernand Lafargue" />
 </way>
 <way id="194472557196">
  <nd ref="35258429" />
  <nd ref="2049763449" />
  <nd ref="289653592" />
  <nd ref="251542438" />
  <tag k="highway" v="living_street" />
  <tag k="name" v="Rue des Ayres" />
 </way>
 <way id="197145996197">
  <nd ref="2074378351" />
  <nd ref="2074378350" />
  <tag k="highway" v="footway" />
  <tag k="name" v="Hôtel de Ville" />
 </way>
 <way id="197145997198">
  <nd ref="10023827999" />
  <nd ref="10023827997" />
  <nd ref="10023827996" />
  <nd ref="10023827995" />
  <nd ref="10023827994" />
  <nd ref="10023827998" />
  <nd ref="10023827999" />
  <tag k="highway" v="footway" />
  <tag k="name" v="Hôtel de Ville" />
 </way>
 <way id="197147365199">
  <nd ref="2074395127" />
  <nd ref="2074395129" />
  <tag k="highway" v="footway" />
 </way>
 <way id="197147366200">
  <nd ref="2074395131" />
  <nd ref="2074395133" />
  <tag k="highway" v="footway" />
 </way>
 <way id="197147367201">
  <nd ref="2074395137" />
  <nd ref="2074395134" />
  <tag k="highway" v="footway" />
 </way>
 <way id="197147368202">
  <nd ref="2074395140" />
  <nd ref="2074395139" />
  <tag k="highway" v="footway" />
 </way>
 <way id="197147369203">
  <nd ref="2049763454" />
  <nd ref="2074395128" />
  <nd ref="2074395130" />
  <nd ref="2074395133" />
  <nd ref="2074395135" />
  <nd ref="2074395138" />
  <nd ref="2074395140" />
  <nd ref="2074395141" />
  <nd ref="2049763455" />
  <tag k="highway" v="footway" />
 </way>
 <way id="197150327204">
  <nd ref="2074427689" />
  <nd ref="2074427690" />
  <tag k="highway" v="footway" />
 </way>
 <way id="197150328205">
  <nd ref="2074427694" />
  <nd ref="2074427696" />
  <tag k="highway" v="footway" />
 </way>
 <way id="197150329206">
  <nd ref="2074427698" />
  <nd ref="2074427697" />
  <nd ref="933788594" />
  <tag k="highway" v="footway" />
 </way>
 <way id="197150330207">
  <nd ref="2074427692" />
  <nd ref="2074427696" />
  <nd ref="2074427699" />
  <nd ref="2074427702" />
  <nd ref="2074427707" />
  <nd ref="2074427705" />
  <tag k="highway" v="footway" />
 </way>
 <way id="197150331208">
  <nd ref="2074427698" />
  <nd ref="2074427693" />
  <nd ref="2074427691" />
  <nd ref="2074427689" />
  <nd ref="2074427688" />
  <nd ref="2074427687" />
  <nd ref="2049827012" />
  <tag k="highway" v="footway" />
 </way>
 <way id="197166509209">
  <nd ref="10023828006" />
  <nd ref="10023828005" />
  <nd ref="10023828001" />
  <nd ref="10023828002" />
  <nd ref="10023828003" />
  <nd ref="10023828004" />
  <nd ref="10023828006" />
  <tag k="highway" v="footway" />
  <tag k="name" v="Hôtel de Ville" />
 </way>
 <way id="197166510210">
  <nd ref="10023828012" />
  <nd ref="10023828011" />
  <nd ref="10023828007" />
  <nd ref="10023828008" />
  <nd ref="10023828009" />
  <nd ref="10023828010" />
  <nd ref="10023828012" />
  <tag k="highway" v="footway" />
  <tag k="name" v="Hôtel de Ville" />
 </way>
 <way id="197171241211">
  <nd ref="10023828013" />
  <nd ref="10023828016" />
  <nd ref="2074565767" />
  <tag k="highway" v="footway" />
  <tag k="name" v="Gambetta - MADD" />
 </way>
 <way id="197171242212">
  <nd ref="2074565749" />
  <nd ref="2074565747" />
  <tag k="highway" v="footway" />
  <tag k="name" v="Gambetta - MADD" />
 </way>
 <way id="197171244213">
  <nd ref="2074565747" />
  <nd ref="2074565744" />
  <tag k="highway" v="footway" />
 </way>
 <way id="197171245214">
  <nd ref="2074565757" />
  <nd ref="2074565759" />
  <nd ref="2074565766" />
  <nd ref="10023828016" />
  <tag k="highway" v="footway" />
 </way>
 <way id="197171246215">
  <nd ref="2074565755" />
  <nd ref="2074565752" />
  <nd ref="2074565750" />
  <nd ref="2074565749" />
  <tag k="highway" v="footway" />
 </way>
 <way id="197206091216">
  <nd ref="2046190479" />
  <nd ref="254611049" />
  <nd ref="2072626948" />
  <nd ref="5905869782" />
  <tag k="highway" v="footway" />
 </way>
 <way id="199169774217">
  <nd ref="933746323" />
  <nd ref="933748134" />
  <nd ref="933748066" />
  <nd ref="933748275" />
  <nd ref="933748716" />
  <nd ref="933748270" />
  <nd ref="933749564" />
  <nd ref="933746272" />
  <nd ref="933747125" />
  <nd ref="2485596620" />
  <nd ref="2485596621" />
  <nd ref="2485596622" />
  <nd ref="2485596623" />
  <nd ref="2485596624" />
  <nd ref="933749462" />
  <nd ref="933746323" />
  <tag k="highway" v="pedestrian" />
 </way>
 <way id="199170873218">
  <nd ref="930811208" />
  <nd ref="2092030378" />
  <nd ref="2092030381" />
  <nd ref="930819996" />
  <nd ref="930811208" />
  <tag k="highway" v="pedestrian" />
 </way>
 <way id="207541196219">
  <nd ref="35258521" />
  <nd ref="2178033908" />
  <nd ref="2041741048" />
  <nd ref="35258515" />
  <tag k="highway" v="living_street" />
  <tag k="name" v="Rue de la Cour des Aides" />
 </way>
 <way id="213564099220">
  <nd ref="35258521" />
  <nd ref="2040214164" />
  <nd ref="2040214152" />
  <nd ref="35258525" />
  <tag k="highway" v="residential" />
  <tag k="name" v="Rue du Quai Bourgeois" />
 </way>
 <way id="240938921221">
  <nd ref="255273050" />
  <nd ref="35258452" />
  <nd ref="2040096575" />
  <nd ref="2040096573" />
  <nd ref="35258447" />
  <nd ref="2040096571" />
  <nd ref="2049803588" />
  <nd ref="2072636034" />
  <nd ref="2072636031" />
  <nd ref="250349131" />
  <tag k="highway" v="residential" />
  <tag k="name" v="Rue des Bahutiers" />
 </way>
 <way id="257982323222">
  <nd ref="563184549" />
  <nd ref="2040048783" />
  <tag k="highway" v="service" />
 </way>
 <way id="283413077223">
  <nd ref="2880515440" />
  <nd ref="637673922" />
  <tag k="highway" v="footway" />
  <tag k="name" v="Parvis des Droits de l'Homme" />
 </way>
 <way id="285020302224">
  <nd ref="1960653847" />
  <nd ref="2880515440" />
  <nd ref="2887142055" />
  <nd ref="2887142053" />
  <nd ref="2887142054" />
  <nd ref="2880519286" />
  <tag k="highway" v="service" />
 </way>
 <way id="288796832225">
  <nd ref="35258578" />
  <nd ref="35258576" />
  <nd ref="35258575" />
  <nd ref="35258573" />
  <nd ref="35258571" />
  <nd ref="1920123000" />
  <nd ref="5910026651" />
  <nd ref="35258405" />
  <tag k="highway" v="living_street" />
  <tag k="name" v="Rue Bouffard" />
 </way>
 <way id="298803037226">
  <nd ref="2040068063" />
  <nd ref="2040140334" />
  <nd ref="35258511" />
  <tag k="highway" v="living_street" />
  <tag k="name" v="Rue de la Tour de Gassies" />
 </way>
 <way id="304503148227">
  <nd ref="2040048780" />
  <nd ref="563184547" />
  <tag k="highway" v="service" />
 </way>
 <way id="304503150228">
  <nd ref="2040048783" />
  <nd ref="2040048786" />
  <nd ref="2040048787" />
  <nd ref="3090507243" />
  <nd ref="1320597811" />
  <nd ref="1320597809" />
  <tag k="highway" v="service" />
 </way>
 <way id="304591093229">
  <nd ref="3090507246" />
  <nd ref="833394141" />
  <tag k="highway" v="footway" />
  <tag k="name" v="Passage de la Tour de Gassies" />
 </way>
 <way id="304591094230">
  <nd ref="3027435129" />
  <nd ref="3091502260" />
  <nd ref="861126600" />
  <tag k="highway" v="footway" />
 </way>
 <way id="324472806231">
  <nd ref="250287751" />
  <nd ref="2072635980" />
  <nd ref="6547891105" />
  <nd ref="6547891104" />
  <nd ref="6547891103" />
  <nd ref="1841026023" />
  <nd ref="6547891102" />
  <nd ref="250287736" />
  <nd ref="6504174097" />
  <nd ref="250311888" />
  <nd ref="2046190484" />
  <nd ref="2072626954" />
  <nd ref="2072626958" />
  <nd ref="1841026032" />
  <tag k="highway" v="living_street" />
  <tag k="name" v="Place Pey Berland" />
 </way>
 <way id="360548787232">
  <nd ref="1933369449" />
  <nd ref="3650698850" />
  <tag k="highway" v="pedestrian" />
  <tag k="name" v="Promenade Sainte-Catherine" />
 </way>
 <way id="360548788233">
  <nd ref="3650698868" />
  <nd ref="3650698859" />
  <tag k="highway" v="steps" />
  <tag k="name" v="Promenade Sainte-Catherine" />
 </way>
 <way id="360548789234">
  <nd ref="3650698836" />
  <nd ref="3650698838" />
  <tag k="highway" v="pedestrian" />
  <tag k="name" v="Promenade Sainte-Catherine" />
 </way>
 <way id="360548790235">
  <nd ref="3650698842" />
  <nd ref="3650698838" />
  <tag k="highway" v="pedestrian" />
  <tag k="name" v="Promenade Sainte-Catherine" />
 </way>
 <way id="360548791236">
  <nd ref="3650698865" />
  <nd ref="3650698871" />
  <tag k="highway" v="steps" />
  <tag k="name" v="Promenade Sainte-Catherine" />
 </way>
 <way id="360548795237">
  <nd ref="3650698843" />
  <nd ref="3650698842" />
  <tag k="highway" v="pedestrian" />
  <tag k="name" v="Promenade Sainte-Catherine" />
 </way>
 <way id="360548798238">
  <nd ref="3650698859" />
  <nd ref="3650698855" />
  <nd ref="3650698854" />
  <tag k="highway" v="pedestrian" />
  <tag k="name" v="Promenade Sainte-Catherine" />
 </way>
 <way id="360548800239">
  <nd ref="3650698850" />
  <nd ref="3650698845" />
  <nd ref="3650698843" />
  <tag k="highway" v="pedestrian" />
  <tag k="name" v="Promenade Sainte-Catherine" />
 </way>
 <way id="360548802240">
  <nd ref="3650698871" />
  <nd ref="3650698875" />
  <tag k="highway" v="pedestrian" />
  <tag k="name" v="Promenade Sainte-Catherine" />
 </way>
 <way id="360548807241">
  <nd ref="3650698867" />
  <nd ref="6339449644" />
  <nd ref="933370468" />
  <nd ref="933388481" />
  <nd ref="3650698889" />
  <nd ref="6339449625" />
  <nd ref="3650698892" />
  <nd ref="3650698895" />
  <nd ref="3650698897" />
  <nd ref="4041920879" />
  <nd ref="3650698896" />
  <nd ref="3650698893" />
  <nd ref="3650698890" />
  <nd ref="6339449642" />
  <nd ref="3650698887" />
  <nd ref="3650698885" />
  <nd ref="4041920876" />
  <nd ref="3650698882" />
  <nd ref="3650698831" />
  <nd ref="3650698833" />
  <nd ref="3650698836" />
  <nd ref="3650698860" />
  <nd ref="3650698859" />
  <nd ref="3650698858" />
  <nd ref="4041920874" />
  <nd ref="4041920875" />
  <nd ref="3650698878" />
  <nd ref="3650698881" />
  <nd ref="3650698870" />
  <nd ref="3650698871" />
  <nd ref="3650698861" />
  <nd ref="3650698866" />
  <nd ref="1933369449" />
  <nd ref="3650698867" />
  <tag k="highway" v="pedestrian" />
  <tag k="name" v="Promenade Sainte-Catherine" />
 </way>
 <way id="360548811242">
  <nd ref="1933369449" />
  <nd ref="3650698875" />
  <nd ref="3650698884" />
  <nd ref="3650698888" />
  <tag k="highway" v="pedestrian" />
  <tag k="name" v="Promenade Sainte-Catherine" />
 </way>
 <way id="360548813243">
  <nd ref="3650698878" />
  <nd ref="3650698881" />
  <nd ref="3650698870" />
  <nd ref="3650698871" />
  <nd ref="3650698861" />
  <nd ref="3650698866" />
  <nd ref="3650698867" />
  <nd ref="933376301" />
  <nd ref="933399283" />
  <nd ref="6339449637" />
  <nd ref="3650698874" />
  <nd ref="2046132203" />
  <nd ref="933404711" />
  <nd ref="933388103" />
  <nd ref="933366554" />
  <nd ref="4041920873" />
  <nd ref="3650698853" />
  <nd ref="4041920867" />
  <nd ref="4041920866" />
  <nd ref="4041920869" />
  <nd ref="4041920868" />
  <nd ref="4041920863" />
  <nd ref="4041920862" />
  <nd ref="4041920861" />
  <nd ref="3650698833" />
  <nd ref="3650698860" />
  <nd ref="3650698859" />
  <nd ref="3650698858" />
  <nd ref="4041920874" />
  <nd ref="4041920875" />
  <nd ref="3650698878" />
  <tag k="highway" v="pedestrian" />
  <tag k="name" v="Promenade Sainte-Catherine" />
 </way>
 <way id="360548815244">
  <nd ref="3650698836" />
  <nd ref="3650698832" />
  <nd ref="3650698854" />
  <nd ref="3650698880" />
  <nd ref="3650698884" />
  <tag k="highway" v="pedestrian" />
  <tag k="name" v="Promenade Sainte-Catherine" />
 </way>
 <way id="360548840245">
  <nd ref="281938256" />
  <nd ref="3650698864" />
  <nd ref="3650698863" />
  <tag k="highway" v="pedestrian" />
  <tag k="name" v="Promenade Sainte-Catherine" />
 </way>
 <way id="363940936246">
  <nd ref="2041872045" />
  <nd ref="2041851294" />
  <nd ref="2066632850" />
  <tag k="highway" v="footway" />
 </way>
 <way id="401786912247">
  <nd ref="3650698846" />
  <nd ref="3650698869" />
  <tag k="highway" v="pedestrian" />
  <tag k="name" v="Promenade Sainte-Catherine" />
 </way>
 <way id="401786913248">
  <nd ref="3650698863" />
  <nd ref="13033546007" />
  <tag k="highway" v="pedestrian" />
  <tag k="name" v="Promenade Sainte-Catherine" />
 </way>
 <way id="402227472249">
  <nd ref="11568441465" />
  <nd ref="290935786" />
  <nd ref="2485601671" />
  <tag k="highway" v="service" />
  <tag k="name" v="Impasse Bouquière" />
 </way>
 <way id="402227475250">
  <nd ref="4046433109" />
  <nd ref="4046433110" />
  <tag k="highway" v="service" />
  <tag k="name" v="Impasse de la Rue Neuve" />
 </way>
 <way id="402227476251">
  <nd ref="291573937" />
  <nd ref="4046433109" />
  <tag k="highway" v="service" />
  <tag k="name" v="Impasse de la Rue Neuve" />
 </way>
 <way id="452222700252">
  <nd ref="250349130" />
  <nd ref="2049776116" />
  <nd ref="2049747232" />
  <tag k="highway" v="living_street" />
  <tag k="name" v="Rue Buhan" />
 </way>
 <way id="473616020253">
  <nd ref="563985737" />
  <nd ref="282085053" />
  <tag k="highway" v="service" />
 </way>
 <way id="503244724254">
  <nd ref="35258427" />
  <nd ref="289653556" />
  <nd ref="7900260490" />
  <nd ref="563232967" />
  <nd ref="2049763448" />
  <nd ref="35258429" />
  <tag k="highway" v="living_street" />
  <tag k="name" v="Rue des Ayres" />
 </way>
 <way id="527358105255">
  <nd ref="6432686152" />
  <nd ref="2039786141" />
  <tag k="highway" v="footway" />
 </way>
 <way id="604055516256">
  <nd ref="35258395" />
  <nd ref="930721141" />
  <nd ref="35258608" />
  <nd ref="35258609" />
  <tag k="highway" v="pedestrian" />
  <tag k="name" v="Rue des Trois Conils" />
 </way>
 <way id="622294740257">
  <nd ref="2041878518" />
  <nd ref="2041872045" />
  <tag k="highway" v="footway" />
 </way>
 <way id="622322715258">
  <nd ref="5878389429" />
  <nd ref="9503692343" />
  <nd ref="1320642130" />
  <tag k="highway" v="footway" />
  <tag k="name" v="Place du Palais" />
 </way>
 <way id="622322717259">
  <nd ref="2041872053" />
  <nd ref="2041851305" />
  <nd ref="2041872065" />
  <nd ref="2041851306" />
  <nd ref="2041851312" />
  <nd ref="2041851324" />
  <nd ref="2041851327" />
  <tag k="highway" v="footway" />
 </way>
 <way id="625514999260">
  <nd ref="5905869781" />
  <nd ref="5905869782" />
  <tag k="highway" v="footway" />
  <tag k="name" v="Rue duffour-dubergier" />
 </way>
 <way id="625986818261">
  <nd ref="5910001921" />
  <nd ref="930653394" />
  <nd ref="2072636001" />
  <nd ref="5910001924" />
  <nd ref="2046190484" />
  <nd ref="5910001920" />
  <nd ref="5905869781" />
  <tag k="highway" v="footway" />
 </way>
 <way id="625986819262">
  <nd ref="10023828005" />
  <nd ref="5910001921" />
  <tag k="highway" v="footway" />
 </way>
 <way id="625986820263">
  <nd ref="10023828009" />
  <nd ref="5910001922" />
  <tag k="highway" v="footway" />
 </way>
 <way id="625986821264">
  <nd ref="2074378351" />
  <nd ref="7266323274" />
  <nd ref="5910001921" />
  <tag k="highway" v="footway" />
 </way>
 <way id="625986822265">
  <nd ref="10023827996" />
  <nd ref="5910001924" />
  <tag k="highway" v="footway" />
 </way>
 <way id="625989381266">
  <nd ref="250574525" />
  <nd ref="3090507242" />
  <nd ref="12851195599" />
  <nd ref="5910026657" />
  <nd ref="5910026656" />
  <nd ref="5910026655" />
  <nd ref="2046169813" />
  <nd ref="2072626972" />
  <nd ref="2072626970" />
  <nd ref="7266323281" />
  <tag k="highway" v="footway" />
  <tag k="name" v="Place Pey Berland" />
 </way>
 <way id="625989382267">
  <nd ref="5910026656" />
  <nd ref="5910026662" />
  <nd ref="2046169811" />
  <nd ref="5910026661" />
  <nd ref="35251134" />
  <nd ref="2072626960" />
  <nd ref="5910026658" />
  <tag k="highway" v="footway" />
 </way>
 <way id="625989383268">
  <nd ref="5910026658" />
  <nd ref="10023828003" />
  <tag k="highway" v="footway" />
 </way>
 <way id="625989384269">
  <nd ref="10023828011" />
  <nd ref="5910026661" />
  <tag k="highway" v="footway" />
 </way>
 <way id="625989385270">
  <nd ref="2872818797" />
  <nd ref="2072627060" />
  <nd ref="933486882" />
  <nd ref="2046097224" />
  <nd ref="35258403" />
  <tag k="highway" v="living_street" />
  <tag k="name" v="Rue des Trois Conils" />
 </way>
 <way id="677004828271">
  <nd ref="534389889" />
  <nd ref="2043912702" />
  <nd ref="35258397" />
  <tag k="highway" v="living_street" />
  <tag k="name" v="Rue Père Louis de Jabrun" />
 </way>
 <way id="677004829272">
  <nd ref="3650698891" />
  <nd ref="3650698894" />
  <nd ref="4041920879" />
  <nd ref="3650698898" />
  <tag k="highway" v="pedestrian" />
  <tag k="name" v="Promenade Sainte-Catherine" />
 </way>
 <way id="677004830273">
  <nd ref="3650698888" />
  <nd ref="3650698891" />
  <tag k="highway" v="pedestrian" />
  <tag k="name" v="Promenade Sainte-Catherine" />
 </way>
 <way id="686298865274">
  <nd ref="2041851302" />
  <nd ref="2066632862" />
  <nd ref="2066632860" />
  <nd ref="2019473174" />
  <nd ref="2041872053" />
  <tag k="highway" v="footway" />
 </way>
 <way id="686298866275">
  <nd ref="2041872053" />
  <nd ref="2041851298" />
  <nd ref="2041872045" />
  <tag k="highway" v="footway" />
 </way>
 <way id="686312553276">
  <nd ref="2041851323" />
  <nd ref="2041851321" />
  <nd ref="2041851316" />
  <nd ref="2066621491" />
  <nd ref="2066621490" />
  <nd ref="2066621489" />
  <nd ref="2041851314" />
  <nd ref="2041851312" />
  <tag k="highway" v="footway" />
 </way>
 <way id="692789841277">
  <nd ref="10023827998" />
  <nd ref="6504174093" />
  <tag k="highway" v="footway" />
 </way>
 <way id="692789842278">
  <nd ref="6504174096" />
  <nd ref="2074378350" />
  <tag k="highway" v="footway" />
 </way>
 <way id="697167760279">
  <nd ref="2046325891" />
  <nd ref="6547891091" />
  <nd ref="6547891101" />
  <tag k="highway" v="footway" />
  <tag k="name" v="Place Rohan" />
 </way>
 <way id="697167761280">
  <nd ref="2887143420" />
  <nd ref="2887158188" />
  <nd ref="2072635970" />
  <nd ref="2072635971" />
  <nd ref="933508111" />
  <nd ref="2046357527" />
  <nd ref="2887142056" />
  <nd ref="2880515442" />
  <nd ref="6547891095" />
  <nd ref="6547891094" />
  <tag k="highway" v="footway" />
 </way>
 <way id="699654890281">
  <nd ref="6570158555" />
  <nd ref="933751386" />
  <nd ref="35258426" />
  <nd ref="933751387" />
  <nd ref="6570158556" />
  <tag k="highway" v="living_street" />
  <tag k="name" v="Rue des Ayres" />
 </way>
 <way id="699654891282">
  <nd ref="6570158556" />
  <nd ref="2049678108" />
  <nd ref="930721150" />
  <nd ref="2049678109" />
  <nd ref="35258424" />
  <nd ref="2049678110" />
  <nd ref="35258427" />
  <tag k="highway" v="living_street" />
  <tag k="name" v="Rue des Ayres" />
 </way>
 <way id="699654893283">
  <nd ref="6570158558" />
  <nd ref="2043767818" />
  <nd ref="35258688" />
  <nd ref="2043767820" />
  <nd ref="6570158560" />
  <tag k="highway" v="living_street" />
  <tag k="name" v="Rue de Grassi" />
 </way>
 <way id="700862399284">
  <nd ref="255273314" />
  <nd ref="6581886639" />
  <tag k="highway" v="footway" />
 </way>
 <way id="700862400285">
  <nd ref="6581886639" />
  <nd ref="6581886640" />
  <nd ref="11195852717" />
  <nd ref="11195852718" />
  <nd ref="6581886644" />
  <nd ref="255273303" />
  <tag k="highway" v="footway" />
 </way>
 <way id="700862401286">
  <nd ref="6581886639" />
  <nd ref="6581886641" />
  <nd ref="6581886642" />
  <nd ref="6581886643" />
  <tag k="highway" v="footway" />
 </way>
 <way id="700865390287">
  <nd ref="255272987" />
  <nd ref="6581917875" />
  <tag k="highway" v="footway" />
 </way>
 <way id="700865391288">
  <nd ref="6581917875" />
  <nd ref="6581917876" />
  <nd ref="6581917877" />
  <tag k="highway" v="footway" />
 </way>
 <way id="700865392289">
  <nd ref="6581917875" />
  <nd ref="6581917878" />
  <nd ref="1320597805" />
  <tag k="highway" v="footway" />
 </way>
 <way id="700870447290">
  <nd ref="2046155160" />
  <nd ref="255273229" />
  <tag k="highway" v="pedestrian" />
  <tag k="name" v="Place Saint-Projet" />
 </way>
 <way id="700870448291">
  <nd ref="1320597808" />
  <nd ref="1320597809" />
  <tag k="highway" v="pedestrian" />
  <tag k="name" v="Place Camille Jullian" />
 </way>
 <way id="771030057292">
  <nd ref="933508111" />
  <nd ref="2046325855" />
  <nd ref="2880519286" />
  <nd ref="2046325852" />
  <tag k="highway" v="living_street" />
  <tag k="name" v="Rue des Frères Bonie" />
 </way>
 <way id="777430286293">
  <nd ref="1320548178" />
  <nd ref="1320547248" />
  <tag k="highway" v="pedestrian" />
  <tag k="name" v="Place Saint-Pierre" />
 </way>
 <way id="777430287294">
  <nd ref="7254773130" />
  <nd ref="8517837348" />
  <nd ref="1320554420" />
  <tag k="highway" v="footway" />
 </way>
 <way id="777430288295">
  <nd ref="1320554401" />
  <nd ref="7254773130" />
  <nd ref="1320554400" />
  <tag k="highway" v="footway" />
 </way>
 <way id="777431346296">
  <nd ref="8517860441" />
  <nd ref="8517860442" />
  <nd ref="6432686152" />
  <nd ref="2041851323" />
  <tag k="highway" v="footway" />
 </way>
 <way id="778551746297">
  <nd ref="7266323274" />
  <nd ref="7266323273" />
  <tag k="highway" v="footway" />
 </way>
 <way id="778551747298">
  <nd ref="8510572479" />
  <nd ref="7266323278" />
  <tag k="highway" v="footway" />
 </way>
 <way id="778551748299">
  <nd ref="6504174097" />
  <nd ref="6504174093" />
  <nd ref="6504174094" />
  <nd ref="6504174095" />
  <nd ref="6504174096" />
  <nd ref="7266323275" />
  <tag k="highway" v="footway" />
 </way>
 <way id="778551751300">
  <nd ref="930721152" />
  <nd ref="2072627003" />
  <nd ref="2072626991" />
  <nd ref="7266323279" />
  <tag k="highway" v="footway" />
 </way>
 <way id="778551753301">
  <nd ref="7266323281" />
  <nd ref="5910026658" />
  <nd ref="10023828000" />
  <nd ref="5910026660" />
  <tag k="highway" v="footway" />
 </way>
 <way id="876555226302">
  <nd ref="3650698889" />
  <nd ref="6339449642" />
  <tag k="highway" v="pedestrian" />
  <tag k="name" v="Rue Margaux" />
 </way>
 <way id="876555227303">
  <nd ref="6339449642" />
  <nd ref="35258500" />
  <tag k="highway" v="pedestrian" />
  <tag k="name" v="Rue Margaux" />
 </way>
 <way id="895004184304">
  <nd ref="35258501" />
  <nd ref="35258604" />
  <nd ref="8319285314" />
  <tag k="highway" v="living_street" />
  <tag k="name" v="Rue de Cheverus" />
 </way>
 <way id="895004185305">
  <nd ref="8319285314" />
  <nd ref="8319285315" />
  <tag k="highway" v="living_street" />
  <tag k="name" v="Rue de Cheverus" />
 </way>
 <way id="906826946306">
  <nd ref="250154538" />
  <nd ref="933368283" />
  <nd ref="8420574294" />
  <nd ref="933366902" />
  <nd ref="933409212" />
  <nd ref="2486976102" />
  <nd ref="933362802" />
  <nd ref="933390159" />
  <nd ref="933381401" />
  <nd ref="933380581" />
  <nd ref="12718209695" />
  <nd ref="933409588" />
  <nd ref="933372644" />
  <nd ref="933421530" />
  <nd ref="933375719" />
  <tag k="highway" v="pedestrian" />
  <tag k="name" v="Place Gambetta" />
 </way>
 <way id="915771855307">
  <nd ref="1908141131" />
  <nd ref="1908141077" />
  <nd ref="2887143420" />
  <nd ref="8506438181" />
  <nd ref="637673922" />
  <tag k="highway" v="footway" />
 </way>
 <way id="915771856308">
  <nd ref="6547891101" />
  <nd ref="6547891092" />
  <nd ref="6547891108" />
  <nd ref="6547891109" />
  <nd ref="250287751" />
  <tag k="highway" v="cycleway" />
 </way>
 <way id="915771857309">
  <nd ref="6547891101" />
  <nd ref="5405817560" />
  <nd ref="35250813" />
  <nd ref="2072635984" />
  <nd ref="6547891105" />
  <nd ref="6547891111" />
  <nd ref="1841026017" />
  <nd ref="5905795949" />
  <nd ref="1908141145" />
  <nd ref="1908141131" />
  <tag k="highway" v="footway" />
 </way>
 <way id="915771858310">
  <nd ref="6547891099" />
  <nd ref="6547891100" />
  <nd ref="6547891101" />
  <tag k="highway" v="footway" />
 </way>
 <way id="915771859311">
  <nd ref="7266323278" />
  <nd ref="7266323273" />
  <nd ref="7266323276" />
  <tag k="highway" v="footway" />
 </way>
 <way id="915790608312">
  <nd ref="35258403" />
  <nd ref="1960653920" />
  <nd ref="251294969" />
  <tag k="highway" v="pedestrian" />
  <tag k="name" v="Rue de l'Hôtel de Ville" />
 </way>
 <way id="916272443313">
  <nd ref="250574736" />
  <nd ref="8510488006" />
  <nd ref="8510488005" />
  <nd ref="8510488004" />
  <tag k="highway" v="footway" />
 </way>
 <way id="916272444314">
  <nd ref="7266323275" />
  <nd ref="8510488007" />
  <tag k="highway" v="footway" />
 </way>
 <way id="916272445315">
  <nd ref="8506438182" />
  <nd ref="6547891101" />
  <tag k="highway" v="footway" />
 </way>
 <way id="916272446316">
  <nd ref="8510488007" />
  <nd ref="8506438182" />
  <tag k="highway" v="steps" />
 </way>
 <way id="916289068317">
  <nd ref="5910026660" />
  <nd ref="8510572479" />
  <tag k="highway" v="footway" />
 </way>
 <way id="917065465318">
  <nd ref="2039786143" />
  <nd ref="8517860442" />
  <tag k="highway" v="footway" />
 </way>
 <way id="999257444319">
  <nd ref="9225222883" />
  <nd ref="9225222884" />
  <nd ref="9225222885" />
  <nd ref="9225222886" />
  <nd ref="9225222887" />
  <nd ref="9225222888" />
  <tag k="highway" v="footway" />
 </way>
 <way id="999257445320">
  <nd ref="9225222884" />
  <nd ref="9225222889" />
  <nd ref="9225222885" />
  <tag k="highway" v="footway" />
 </way>
 <way id="1013813517321">
  <nd ref="35258403" />
  <nd ref="2046097223" />
  <nd ref="5910026652" />
  <nd ref="35258405" />
  <tag k="highway" v="living_street" />
  <tag k="name" v="Rue Monbazon" />
 </way>
 <way id="1020936629322">
  <nd ref="2046190473" />
  <nd ref="250287736" />
  <tag k="highway" v="living_street" />
  <tag k="name" v="Rue du Commandant Arnould" />
 </way>
 <way id="1021493341323">
  <nd ref="35258561" />
  <nd ref="933486870" />
  <nd ref="2043767814" />
  <tag k="highway" v="pedestrian" />
  <tag k="name" v="Rue Porte Dijeaux" />
 </way>
 <way id="1086903788324">
  <nd ref="7266323278" />
  <nd ref="5910001921" />
  <tag k="highway" v="footway" />
 </way>
 <way id="1086903789325">
  <nd ref="2046169804" />
  <nd ref="5910001922" />
  <nd ref="5910001918" />
  <nd ref="5910001919" />
  <nd ref="5910001921" />
  <tag k="highway" v="footway" />
 </way>
 <way id="1086903790326">
  <nd ref="2046169804" />
  <nd ref="250575223" />
  <tag k="highway" v="residential" />
  <tag k="name" v="Place Pey Berland" />
 </way>
 <way id="1086903791327">
  <nd ref="1841026032" />
  <nd ref="2072636005" />
  <nd ref="2049678113" />
  <nd ref="2046169804" />
  <tag k="highway" v="residential" />
  <tag k="name" v="Place Pey Berland" />
 </way>
 <way id="1160551383328">
  <nd ref="5910026660" />
  <nd ref="8506438183" />
  <nd ref="7266323276" />
  <tag k="highway" v="footway" />
 </way>
 <way id="1160551384329">
  <nd ref="7266323276" />
  <nd ref="7266323275" />
  <tag k="highway" v="footway" />
 </way>
 <way id="1160551385330">
  <nd ref="7266323281" />
  <nd ref="7266323284" />
  <nd ref="7266323279" />
  <nd ref="8510488004" />
  <nd ref="2046250010" />
  <tag k="highway" v="footway" />
  <tag k="name" v="Place Pey Berland" />
 </way>
 <way id="1160551386331">
  <nd ref="35258552" />
  <nd ref="8420574294" />
  <tag k="highway" v="footway" />
  <tag k="name" v="Place Gambetta" />
 </way>
 <way id="1160551387332">
  <nd ref="35258552" />
  <nd ref="250154538" />
  <tag k="highway" v="footway" />
  <tag k="name" v="Place Gambetta" />
 </way>
 <way id="1160752504333">
  <nd ref="2046250010" />
  <nd ref="2046245293" />
  <tag k="highway" v="footway" />
  <tag k="name" v="Rue de l'Hôtel de Ville" />
 </way>
 <way id="1160752506334">
  <nd ref="2046250010" />
  <nd ref="11498877700" />
  <nd ref="251294969" />
  <tag k="highway" v="pedestrian" />
  <tag k="name" v="Rue de l'Hôtel de Ville" />
 </way>
 <way id="1164362171335">
  <nd ref="10829050908" />
  <nd ref="2872818795" />
  <tag k="highway" v="footway" />
 </way>
 <way id="1165599968336">
  <nd ref="35258412" />
  <nd ref="13006237139" />
  <nd ref="2043837816" />
  <tag k="highway" v="living_street" />
  <tag k="name" v="Place Puy Paulin" />
 </way>
 <way id="1244505249337">
  <nd ref="4046433108" />
  <nd ref="11568441465" />
  <tag k="highway" v="service" />
  <tag k="name" v="Impasse Bouquière" />
 </way>
 <way id="1250386567338">
  <nd ref="3090507244" />
  <nd ref="1323803744" />
  <tag k="highway" v="service" />
 </way>
 <way id="1250386568339">
  <nd ref="6143205771" />
  <nd ref="933414750" />
  <tag k="highway" v="footway" />
 </way>
 <way id="1250386569340">
  <nd ref="11623031395" />
  <nd ref="933379441" />
  <tag k="highway" v="footway" />
 </way>
 <way id="1250386570341">
  <nd ref="2046211006" />
  <nd ref="11623031396" />
  <tag k="highway" v="footway" />
 </way>
 <way id="1298789665342">
  <nd ref="250287751" />
  <nd ref="1908141131" />
  <nd ref="5905795950" />
  <tag k="highway" v="living_street" />
  <tag k="name" v="Rue du Maréchal Joffre" />
 </way>
 <way id="1414812361343">
  <nd ref="2046245293" />
  <nd ref="2046325891" />
  <tag k="highway" v="footway" />
  <tag k="name" v="Place Rohan" />
 </way>
 <way id="1414812362344">
  <nd ref="267160540" />
  <nd ref="6547891094" />
  <nd ref="1841026035" />
  <tag k="highway" v="living_street" />
  <tag k="name" v="Place Rohan" />
 </way>
 <way id="1414812363345">
  <nd ref="6547891099" />
  <nd ref="1841026020" />
  <tag k="highway" v="living_street" />
  <tag k="name" v="Place Rohan" />
 </way>
 <way id="1414812364346">
  <nd ref="6547891095" />
  <nd ref="6547891099" />
  <tag k="highway" v="footway" />
 </way>
 <way id="1414819865347">
  <nd ref="250575095" />
  <nd ref="2074395130" />
  <nd ref="250347735" />
  <tag k="highway" v="tertiary" />
  <tag k="name" v="Cours d'Alsace et Lorraine" />
 </way>
 <way id="1414819866348">
  <nd ref="255273229" />
  <nd ref="7254773129" />
  <nd ref="2046155157" />
  <nd ref="563232961" />
  <nd ref="35258439" />
  <tag k="highway" v="pedestrian" />
  <tag k="name" v="Rue Sainte-Catherine" />
 </way>
 <way id="1414820413349">
  <nd ref="35258391" />
  <nd ref="255273050" />
  <tag k="highway" v="residential" />
  <tag k="name" v="Rue des Bahutiers" />
 </way>
 <way id="1414820414350">
  <nd ref="35258511" />
  <nd ref="2040140333" />
  <nd ref="268627227" />
  <tag k="highway" v="living_street" />
  <tag k="name" v="Rue des Argentiers" />
 </way>
 <way id="1414820415351">
  <nd ref="1960653908" />
  <nd ref="14175145737" />
  <nd ref="602509605" />
  <nd ref="14175145738" />
  <nd ref="933788594" />
  <tag k="highway" v="living_street" />
  <tag k="name" v="Cours d'Alsace et Lorraine" />
 </way>
 <way id="1414820416352">
  <nd ref="2074427700" />
  <nd ref="2074427698" />
  <tag k="highway" v="footway" />
 </way>
 <way id="1414820417353">
  <nd ref="250287930" />
  <nd ref="2049827012" />
  <tag k="highway" v="living_street" />
  <tag k="name" v="Rue de la Chapelle Saint-Jean" />
 </way>
 <way id="1418277869354">
  <nd ref="3650698846" />
  <nd ref="13033546008" />
  <nd ref="3650698863" />
  <tag k="highway" v="pedestrian" />
  <tag k="name" v="Promenade Sainte-Catherine" />
 </way>
 <way id="1418277870355">
  <nd ref="3650698869" />
  <nd ref="3650698868" />
  <tag k="highway" v="pedestrian" />
  <tag k="name" v="Promenade Sainte-Catherine" />
 </way>
 <way id="1418277871356">
  <nd ref="13033546007" />
  <nd ref="13033546006" />
  <nd ref="13033546005" />
  <nd ref="3650698869" />
  <tag k="highway" v="pedestrian" />
  <tag k="name" v="Promenade Sainte-Catherine" />
 </way>
 <way id="1418277872357">
  <nd ref="13033546007" />
  <nd ref="3650698865" />
  <tag k="highway" v="pedestrian" />
  <tag k="name" v="Promenade Sainte-Catherine" />
 </way>
 <way id="1425630429358">
  <nd ref="250349131" />
  <nd ref="2049803587" />
  <nd ref="12031267566" />
  <nd ref="281066646" />
  <nd ref="2049776121" />
  <nd ref="250349130" />
  <tag k="highway" v="living_street" />
  <tag k="name" v="Rue Buhan" />
 </way>
 <way id="1427731060359">
  <nd ref="13125256536" />
  <nd ref="13125256537" />
  <tag k="highway" v="pedestrian" />
  <tag k="name" v="Impasse de la Vieille Tour" />
 </way>
 <way id="1434442218360">
  <nd ref="483680609" />
  <nd ref="2041851316" />
  <nd ref="13184669033" />
  <tag k="highway" v="secondary" />
  <tag k="name" v="Quai de la Douane" />
 </way>
 <way id="1468017245361">
  <nd ref="250575223" />
  <nd ref="9355438337" />
  <tag k="highway" v="residential" />
  <tag k="name" v="Place Pey Berland" />
 </way>
</osm>